,0:H0,0:H1,0:H2,0:H3,0:H4,0:H5,1:H0,1:H1,1:H2,1:H3,1:H4,1:H5,2:H0,2:H1,2:H2,2:H3,2:H4,2:H5,
Step-0,803,807,812,810,810,859,807,808,812,804,806,857,242,799,799,800,797,875, 
Step-1,802,807,812,810,810,859,806,808,812,803,806,857,265,799,799,799,797,875, 
Step-2,803,807,812,810,810,859,807,808,811,803,806,857,255,800,799,800,797,875, 
Step-3,803,807,812,810,810,859,806,808,812,803,806,857,255,799,799,800,797,875, 
Step-4,803,807,812,810,810,859,807,808,812,804,806,857,263,800,799,800,797,875, 
Step-5,802,807,812,810,810,860,806,807,812,804,806,857,274,799,799,800,798,875, 
Step-6,802,807,812,810,810,859,806,808,812,804,806,857,275,800,799,799,797,875, 
Step-7,803,807,812,810,810,859,806,808,812,804,806,857,274,800,799,799,797,875, 
Step-8,802,807,812,810,810,859,806,808,812,803,806,856,273,800,799,799,797,875, 
Step-9,803,807,812,810,810,859,807,808,811,804,806,857,275,800,799,800,797,875, 
Step-10,802,807,812,810,811,859,806,808,811,803,806,857,274,800,799,800,798,875, 
Step-11,802,807,812,810,810,859,806,808,811,803,806,857,275,799,799,800,797,875, 
Step-12,803,807,812,810,810,859,806,808,811,804,806,856,275,799,799,800,798,875, 
Step-13,803,807,812,810,810,859,806,808,811,803,806,856,275,799,800,800,798,875, 
Step-14,802,807,812,810,811,859,806,808,812,804,806,856,276,799,799,800,798,875, 
Step-15,802,807,812,810,810,859,806,808,811,804,806,856,276,800,799,800,797,875, 
Step-16,803,807,812,810,811,859,806,808,811,803,806,856,275,799,799,800,797,875, 
Step-17,803,807,812,810,810,859,806,808,811,804,806,857,275,799,799,799,797,875, 
Step-18,803,807,812,810,810,859,806,808,812,804,806,856,276,800,799,799,797,875, 
Step-19,802,807,812,810,810,859,806,808,811,803,806,856,275,800,799,799,797,875, 
Step-20,803,807,812,810,811,859,806,808,812,804,806,856,275,800,799,799,797,875, 
Step-21,803,807,812,810,810,859,806,808,811,803,806,856,275,799,799,799,798,875, 
Step-22,803,807,812,810,810,859,806,808,812,804,806,855,275,800,799,800,797,875, 
Step-23,803,807,812,810,810,860,806,808,812,804,806,855,275,800,799,799,797,875, 
Step-24,803,807,812,810,810,859,806,808,811,803,806,856,275,799,799,799,797,875, 
Step-25,802,807,812,810,811,859,806,808,812,804,806,856,274,799,799,799,798,875, 
Step-26,803,807,812,810,810,859,806,808,812,804,806,856,275,800,799,800,797,875, 
Step-27,803,807,812,810,810,859,806,808,812,804,806,857,274,800,799,800,797,875, 
Step-28,803,807,812,810,810,859,806,808,811,804,806,857,274,799,799,799,797,875, 
Step-29,803,807,812,809,810,859,806,808,811,804,806,857,275,800,799,800,798,875, 
Step-30,803,807,812,810,811,860,806,808,812,804,806,857,275,799,799,800,798,875, 
Step-31,803,807,812,810,810,859,806,808,811,804,806,857,274,799,799,799,797,875, 
Step-32,803,807,812,810,810,859,806,808,812,804,806,857,273,799,799,799,797,875, 
Step-33,803,807,812,810,810,859,806,808,812,803,806,857,273,799,799,799,797,875, 
Step-34,803,807,812,810,810,859,806,808,812,804,806,857,272,799,799,799,797,875, 
Step-35,803,807,812,810,810,859,806,808,812,804,806,857,272,799,799,800,798,875, 
Step-36,803,808,812,809,810,860,806,808,811,804,806,857,272,799,799,799,797,875, 
Step-37,803,807,812,810,810,859,806,808,811,803,806,857,272,799,799,800,798,875, 
Step-38,802,807,812,810,810,859,806,808,811,803,806,857,273,800,799,800,797,875, 
Step-39,803,807,812,810,811,859,806,808,812,804,806,857,272,799,799,799,797,875, 
Step-40,803,807,812,810,811,859,806,808,811,804,806,858,273,799,799,800,797,875, 
Step-41,803,807,812,810,810,859,806,808,811,804,806,857,272,799,799,800,798,875, 
Step-42,802,807,812,810,810,859,806,808,812,804,806,857,272,799,799,799,797,875, 
Step-43,802,807,812,810,810,860,806,808,811,804,806,858,273,800,799,799,797,875, 
Step-44,803,807,812,810,811,859,806,808,811,803,806,858,272,800,799,799,797,875, 
Step-45,803,807,812,810,810,859,806,808,812,804,806,857,271,799,799,799,798,875, 
Step-46,803,807,812,810,810,859,806,808,811,803,806,857,272,799,799,800,798,875, 
Step-47,803,807,812,810,810,859,806,808,811,803,806,858,272,800,799,799,797,875, 
Step-48,803,807,812,810,810,859,806,808,812,803,806,857,272,800,799,799,797,875, 
Step-49,803,807,812,810,810,860,806,808,811,803,806,858,269,799,799,800,797,875, 
Step-50,803,807,812,810,810,859,806,808,812,804,806,857,268,800,799,799,797,875, 
Step-51,802,807,811,809,810,859,805,807,811,803,806,857,269,799,798,799,797,875, 
Step-52,802,806,811,809,810,859,805,807,811,803,805,857,269,798,798,799,797,874, 
Step-53,802,806,811,809,810,859,805,807,811,803,805,857,269,798,798,799,797,875, 
Step-54,802,806,811,809,809,859,805,807,810,803,805,857,269,798,798,799,797,874, 
Step-55,802,806,811,809,810,859,805,807,811,803,805,857,269,798,798,799,796,875, 
Step-56,801,806,811,809,810,859,804,807,811,803,805,857,268,798,798,799,797,875, 
Step-57,802,806,811,809,810,859,804,806,811,802,805,857,270,798,798,799,796,875, 
Step-58,801,806,811,809,810,859,804,807,811,803,805,857,269,798,797,799,796,875, 
Step-59,801,805,811,809,810,859,804,806,811,803,805,857,269,798,798,798,797,875, 
Step-60,801,806,811,809,810,859,804,806,811,803,805,857,267,798,797,798,797,875, 
Step-61,801,805,811,809,810,859,804,806,810,802,805,858,265,797,798,798,796,875, 
Step-62,801,806,811,809,810,859,803,806,810,802,805,858,269,797,797,798,796,875, 
Step-63,800,805,811,809,810,859,803,806,810,802,805,858,268,797,797,798,796,875, 
Step-64,800,805,811,809,810,859,803,806,810,802,805,857,270,797,797,798,796,875, 
Step-65,800,805,811,809,810,859,803,806,810,802,805,858,269,797,797,798,796,875, 
Step-66,800,805,811,809,810,859,803,806,810,802,805,858,269,797,797,798,796,875, 
Step-67,799,805,811,809,810,859,803,806,810,802,805,858,270,797,797,798,796,875, 
Step-68,799,805,810,809,810,859,803,806,810,802,805,858,268,797,797,798,796,875, 
Step-69,799,805,810,809,810,859,802,805,810,802,805,858,268,796,796,798,796,875, 
Step-70,799,805,810,808,809,859,802,805,810,802,805,858,268,796,796,798,796,875, 
Step-71,799,805,810,808,809,859,802,805,810,802,805,858,268,796,796,798,796,875, 
Step-72,799,804,810,808,810,859,802,805,810,802,805,858,271,796,796,798,796,876, 
Step-73,798,804,810,808,809,859,801,805,810,802,805,858,271,796,796,797,796,875, 
Step-74,798,804,810,808,810,859,801,805,809,802,805,858,271,795,796,797,796,876, 
Step-75,798,804,810,808,809,859,801,805,809,802,805,859,270,795,796,797,795,875, 
Step-76,798,804,809,808,809,859,801,805,809,801,804,858,270,795,795,797,796,876, 
Step-77,797,804,810,808,809,859,801,805,809,801,805,858,273,795,795,797,796,876, 
Step-78,797,804,809,808,809,859,800,805,809,801,805,858,270,795,795,797,795,876, 
Step-79,797,803,810,808,809,859,800,804,809,801,805,858,270,794,795,797,796,875, 
Step-80,797,803,810,808,809,859,800,804,809,801,805,858,270,794,795,797,796,875, 
Step-81,797,803,809,808,809,859,800,804,809,801,805,859,270,794,795,797,795,876, 
Step-82,796,803,809,808,809,859,800,804,809,801,804,858,286,794,795,797,795,876, 
Step-83,796,803,809,807,809,859,799,804,809,801,804,859,287,794,795,797,795,876, 
Step-84,796,803,809,807,809,859,799,804,809,801,805,859,288,794,794,797,795,876, 
Step-85,796,803,809,807,809,859,799,804,809,801,804,859,288,793,794,796,795,876, 
Step-86,795,803,809,807,809,859,798,803,809,801,805,859,288,793,794,796,795,876, 
Step-87,795,802,809,807,809,860,798,803,808,801,804,859,288,793,794,796,795,876, 
Step-88,795,802,808,807,809,860,798,803,809,800,804,859,287,792,794,796,795,876, 
Step-89,794,802,808,807,809,859,797,803,808,800,804,859,289,792,794,796,795,877, 
Step-90,794,802,809,807,809,859,797,803,808,800,804,859,289,792,794,796,795,876, 
Step-91,794,802,808,807,809,859,797,803,808,800,804,859,288,792,793,796,795,876, 
Step-92,793,801,808,807,809,860,796,803,808,800,804,859,289,791,793,796,795,876, 
Step-93,793,801,808,807,809,860,796,802,808,800,804,859,289,791,793,796,795,876, 
Step-94,793,801,808,807,809,859,796,802,808,800,804,859,289,791,793,796,795,877, 
Step-95,792,801,808,807,809,860,796,802,808,800,804,859,289,791,793,796,794,876, 
Step-96,792,801,808,806,809,860,795,802,807,800,804,860,289,791,793,795,794,877, 
Step-97,792,800,807,806,809,860,795,801,807,799,803,859,288,790,793,795,794,877, 
Step-98,791,800,807,806,809,860,794,802,807,800,804,859,288,790,792,795,794,876, 
Step-99,791,800,808,806,808,860,794,801,807,799,803,860,288,790,792,795,794,877, 
Step-100,791,800,807,806,808,860,794,801,806,799,804,860,288,790,793,795,794,877, 
Step-101,790,800,807,806,808,860,793,801,807,799,803,860,288,789,792,795,794,877, 
Step-102,790,799,807,806,808,860,793,800,807,799,803,860,287,789,791,795,794,877, 
Step-103,789,799,807,806,808,860,792,800,806,799,803,860,288,789,791,795,794,877, 
Step-104,789,799,807,806,808,860,792,800,807,798,803,860,288,788,791,795,794,877, 
Step-105,788,799,806,806,808,860,792,799,806,799,803,860,288,788,791,794,794,877, 
Step-106,788,798,806,806,808,860,791,800,806,799,803,860,289,788,791,794,794,877, 
Step-107,788,798,806,805,808,860,791,799,806,798,803,860,288,787,791,794,793,877, 
Step-108,787,798,806,806,808,860,790,799,806,798,803,860,289,787,790,794,793,877, 
Step-109,787,797,806,805,808,860,790,799,806,798,803,860,289,787,790,794,793,877, 
Step-110,786,797,806,805,808,860,789,798,805,798,803,860,289,787,790,794,794,877, 
Step-111,786,797,805,805,808,860,789,798,805,798,803,860,289,786,790,794,793,878, 
Step-112,785,797,805,805,808,860,789,798,805,797,803,860,289,786,790,793,793,878, 
Step-113,784,796,805,805,808,860,788,797,805,797,803,860,289,786,789,793,793,878, 
Step-114,784,796,805,805,808,860,787,797,805,797,802,861,289,785,789,793,793,878, 
Step-115,783,796,804,805,808,860,787,797,805,797,802,861,289,784,789,793,793,878, 
Step-116,783,796,804,805,807,860,786,797,804,797,802,861,289,784,789,793,793,878, 
Step-117,783,795,804,804,808,861,785,796,804,797,802,861,288,784,788,793,792,878, 
Step-118,782,795,804,804,807,861,785,796,804,797,802,861,288,784,788,792,792,878, 
Step-119,781,795,804,804,807,860,784,796,803,797,802,861,288,783,788,792,792,878, 
Step-120,781,795,803,804,807,861,784,795,804,797,802,861,289,783,787,792,792,879, 
Step-121,780,794,803,804,807,861,783,795,803,796,802,861,289,782,787,792,792,878, 
Step-122,779,793,803,804,807,861,782,795,803,796,802,861,289,782,787,792,792,879, 
Step-123,779,793,803,803,807,861,781,794,803,796,802,861,289,782,787,792,792,879, 
Step-124,778,793,803,803,807,861,781,794,803,796,802,862,289,781,787,792,792,879, 
Step-125,777,792,803,803,807,861,780,793,802,795,801,862,289,781,786,791,791,879, 
Step-126,776,792,802,803,806,861,779,793,802,795,801,862,289,780,786,791,791,879, 
Step-127,775,792,802,803,806,861,779,793,802,795,801,862,290,780,786,791,791,879, 
Step-128,775,791,801,803,807,861,778,792,802,795,801,862,291,779,785,791,791,879, 
Step-129,774,791,801,803,806,861,777,792,801,795,801,862,290,779,785,790,791,879, 
Step-130,773,790,801,803,806,861,776,792,801,794,801,862,290,778,785,790,791,880, 
Step-131,772,790,801,802,806,861,775,791,801,794,801,862,290,778,784,790,791,880, 
Step-132,771,790,800,802,806,861,774,791,801,794,801,862,290,777,784,790,790,880, 
Step-133,770,789,800,802,806,861,773,790,800,794,801,862,290,776,784,790,790,880, 
Step-134,770,788,800,802,806,862,772,789,800,793,800,863,291,776,783,790,790,880, 
Step-135,768,788,800,801,806,862,770,789,800,793,800,863,290,775,783,789,790,880, 
Step-136,767,787,799,801,806,862,770,788,800,793,800,863,290,775,783,789,789,880, 
Step-137,766,787,799,801,805,862,769,788,799,793,800,863,290,774,782,789,790,880, 
Step-138,765,786,798,801,805,862,768,787,799,793,800,863,291,774,782,789,790,880, 
Step-139,764,786,798,801,805,862,767,787,799,792,800,863,290,773,781,788,789,881, 
Step-140,763,785,798,801,805,862,765,786,798,792,800,863,290,773,781,789,789,881, 
Step-141,762,784,798,800,805,862,764,786,798,792,800,864,291,772,781,788,790,881, 
Step-142,760,784,797,800,805,862,763,785,798,792,799,864,290,771,780,787,789,881, 
Step-143,759,783,797,800,805,862,762,784,798,791,799,864,290,770,780,787,789,881, 
Step-144,758,783,796,800,805,862,760,784,797,791,799,864,290,770,779,787,789,881, 
Step-145,756,782,796,799,805,862,758,783,796,791,799,864,290,769,779,787,788,882, 
Step-146,755,781,796,799,804,863,757,782,796,790,799,864,291,768,778,787,788,881, 
Step-147,753,780,795,799,804,862,756,782,796,791,799,864,290,768,778,786,789,881, 
Step-148,753,780,795,799,804,863,755,781,796,790,798,865,291,767,778,786,788,881, 
Step-149,751,779,795,799,804,863,753,781,795,790,798,865,291,766,777,786,788,882, 
Step-150,749,779,794,798,804,863,751,779,794,789,798,865,291,765,777,786,787,882, 
Step-151,747,778,793,798,804,863,749,779,794,789,798,865,291,764,776,785,787,882, 
Step-152,746,777,793,798,803,863,747,778,794,789,798,865,290,764,776,785,787,882, 
Step-153,744,776,793,797,803,863,745,777,793,788,798,865,290,762,775,784,787,882, 
Step-154,741,775,792,797,803,863,743,776,793,788,798,865,290,761,774,784,787,883, 
Step-155,739,774,792,797,803,863,741,775,792,788,797,866,290,760,774,784,787,883, 
Step-156,738,774,791,796,803,864,739,774,792,787,797,866,290,760,773,783,787,882, 
Step-157,735,773,791,796,802,864,736,773,791,787,797,866,289,758,773,783,786,883, 
Step-158,732,771,790,796,803,864,733,772,790,786,796,866,290,757,772,783,786,883, 
Step-159,729,769,789,795,802,864,731,771,789,786,797,866,290,756,771,782,786,883, 
Step-160,728,769,789,796,802,864,729,770,789,786,796,867,290,755,771,782,785,884, 
Step-161,725,768,788,794,802,864,727,769,789,785,796,867,290,754,771,782,785,884, 
Step-162,723,767,787,795,802,864,724,768,788,785,796,867,289,752,770,781,785,884, 
Step-163,720,766,787,794,802,864,721,766,788,784,795,867,289,751,769,781,785,884, 
Step-164,717,765,786,794,801,864,718,765,787,784,795,867,290,750,768,781,784,884, 
Step-165,714,763,786,793,801,865,715,764,786,783,795,867,289,749,767,780,784,884, 
Step-166,711,762,785,793,801,864,711,762,786,783,795,868,289,747,767,780,784,885, 
Step-167,708,760,784,792,801,865,708,762,785,783,795,868,289,746,766,779,784,885, 
Step-168,705,759,784,792,801,865,705,760,784,782,794,868,288,744,765,779,784,886, 
Step-169,700,758,783,791,800,865,700,758,783,782,794,868,288,743,764,779,783,885, 
Step-170,697,756,782,791,800,865,697,757,782,781,794,868,289,741,763,778,783,885, 
Step-171,693,755,781,791,800,865,693,755,782,781,794,869,289,740,763,778,782,886, 
Step-172,689,753,781,790,800,865,689,754,781,780,793,869,288,738,762,777,782,886, 
Step-173,685,751,780,790,799,866,684,751,780,779,793,869,289,736,760,776,782,886, 
Step-174,680,749,779,789,799,866,679,750,779,779,793,870,290,734,760,776,782,886, 
Step-175,674,747,778,789,799,866,674,748,778,778,792,870,289,732,759,775,781,887, 
Step-176,670,745,777,789,798,866,669,746,777,778,792,870,288,731,758,775,781,887, 
Step-177,666,744,776,788,798,866,664,744,777,777,792,870,288,728,757,774,780,887, 
Step-178,660,741,775,787,798,866,659,742,775,777,791,870,289,726,756,774,780,888, 
Step-179,655,740,774,787,798,867,654,740,774,776,791,870,289,725,755,773,780,888, 
Step-180,650,738,773,786,797,867,649,738,773,775,791,871,289,722,754,773,779,888, 
Step-181,644,735,772,786,797,867,641,735,772,775,790,871,289,719,753,772,779,888, 
Step-182,636,732,771,785,797,867,634,732,771,774,790,871,289,717,751,771,779,888, 
Step-183,630,730,770,785,796,868,628,730,770,773,790,872,289,715,750,771,778,889, 
Step-184,625,727,769,784,796,868,622,727,768,773,790,872,288,712,749,770,778,889, 
Step-185,617,725,767,783,796,868,614,724,767,772,789,872,289,709,748,770,778,889, 
Step-186,610,722,766,783,795,868,607,721,766,771,789,872,289,706,746,769,777,890, 
Step-187,602,719,765,782,795,868,601,718,765,771,788,873,288,704,745,768,777,890, 
Step-188,597,716,764,781,795,868,594,715,763,770,788,873,288,701,744,767,777,890, 
Step-189,589,713,762,780,795,868,583,711,762,769,787,873,288,697,742,766,776,890, 
Step-190,578,708,760,780,794,869,574,707,760,767,787,874,289,693,740,766,775,890, 
Step-191,570,705,759,779,793,869,567,704,759,767,786,874,289,691,739,765,775,891, 
Step-192,563,702,758,778,793,870,559,700,757,766,786,874,289,687,737,764,775,892, 
Step-193,554,698,756,777,793,870,549,696,755,765,785,875,289,683,735,763,774,892, 
Step-194,544,694,754,777,792,870,540,691,753,764,785,875,289,678,733,762,773,892, 
Step-195,533,689,752,776,792,870,531,687,752,763,785,875,289,675,732,761,773,892, 
Step-196,526,686,751,775,791,870,522,683,750,762,784,876,289,671,730,761,772,893, 
Step-197,517,681,749,774,791,871,510,677,747,761,784,876,289,665,727,759,772,894, 
Step-198,503,675,746,773,790,871,501,671,745,760,783,876,289,661,726,759,771,894, 
Step-199,494,670,744,772,790,871,493,667,743,759,783,877,289,656,724,757,771,894, 
Step-200,486,666,742,771,790,872,484,661,741,758,782,877,289,652,721,757,770,894, 
Step-201,477,660,740,770,789,872,474,655,738,756,781,878,289,646,719,755,770,894, 
Step-202,466,654,738,769,789,872,465,649,736,756,781,878,289,641,717,754,769,896, 
Step-203,457,648,735,768,788,873,457,644,734,754,780,878,289,636,715,753,768,896, 
Step-204,449,643,733,767,787,873,449,638,731,753,779,879,289,631,712,752,768,896, 
Step-205,440,637,730,766,787,873,437,629,727,751,779,879,289,623,708,751,767,897, 
Step-206,428,628,727,764,786,874,427,621,724,750,778,880,289,615,705,749,766,897, 
Step-207,418,620,724,763,786,874,420,615,721,748,778,880,289,611,703,748,766,897, 
Step-208,411,614,721,761,785,874,412,606,718,747,776,881,288,603,699,747,765,898, 
Step-209,401,605,717,760,784,875,403,598,714,745,776,881,289,595,696,745,764,899, 
Step-210,393,597,714,758,784,875,395,589,710,744,776,882,289,589,693,744,763,899, 
Step-211,385,589,711,757,783,875,390,583,708,742,775,882,288,584,691,742,763,900, 
Step-212,380,583,708,756,783,876,384,574,703,740,774,883,287,575,686,741,761,900, 
Step-213,371,574,704,754,782,876,375,563,698,738,773,883,288,565,682,739,761,900, 
Step-214,363,563,699,752,780,877,369,553,694,736,772,884,288,557,678,737,760,901, 
Step-215,356,554,695,750,780,877,365,546,690,734,771,884,288,551,674,735,759,901, 
Step-216,352,546,691,749,780,877,360,537,686,732,770,885,288,543,671,734,758,902, 
Step-217,346,537,687,747,778,878,355,528,681,730,769,886,289,534,666,732,757,902, 
Step-218,341,527,682,745,777,879,351,519,676,729,768,886,289,527,662,730,756,903, 
Step-219,336,519,678,743,777,879,348,512,672,727,768,887,289,521,659,729,756,903, 
Step-220,333,512,674,742,776,879,344,503,666,725,767,887,290,512,654,727,755,904, 
Step-221,329,502,669,739,775,880,340,491,660,721,766,888,289,501,647,724,753,905, 
Step-222,324,490,662,737,774,880,336,479,651,718,764,889,290,490,640,722,752,906, 
Step-223,320,478,655,734,773,881,334,470,646,716,763,890,290,483,636,719,751,906, 
Step-224,318,469,650,732,772,881,332,462,640,714,762,890,290,476,631,717,750,907, 
Step-225,316,461,644,730,771,882,330,452,632,710,761,891,290,466,623,714,749,908, 
Step-226,313,449,636,727,770,882,329,443,625,708,760,892,290,458,618,712,748,908, 
Step-227,312,441,630,724,769,883,327,436,619,705,759,892,290,452,612,709,746,909, 
Step-228,310,434,625,722,768,884,327,429,612,702,757,893,291,444,606,707,745,910, 
Step-229,310,424,617,719,767,885,326,417,600,697,755,895,291,433,596,702,743,911, 
Step-230,308,412,606,714,764,885,327,407,590,693,753,895,291,424,588,699,741,912, 
Step-231,309,402,598,711,763,886,327,401,583,691,753,896,291,419,582,696,740,912, 
Step-232,309,396,591,708,762,886,328,394,575,686,751,897,291,412,574,693,739,914, 
Step-233,310,387,582,704,760,887,329,386,564,682,749,898,291,405,566,689,737,914, 
Step-234,311,380,573,700,759,888,331,380,556,678,748,899,291,399,559,686,735,915, 
Step-235,312,373,566,697,757,889,332,375,548,674,747,899,291,394,552,682,734,916, 
Step-236,313,367,558,693,756,890,334,369,538,670,745,901,291,388,543,679,732,917, 
Step-237,315,360,547,688,754,890,338,361,525,664,743,902,291,381,532,673,730,918, 
Step-238,319,353,536,683,752,891,341,356,515,659,740,902,291,376,523,668,728,919, 
Step-239,322,347,526,678,751,892,344,352,505,653,738,904,291,372,515,664,726,920, 
Step-240,324,342,516,673,749,893,348,348,495,649,736,905,289,369,507,660,724,921, 
Step-241,328,338,508,669,747,894,353,343,483,642,734,906,290,364,496,654,722,922, 
Step-242,333,332,496,662,744,895,357,340,474,637,732,907,291,361,488,649,720,923, 
Step-243,337,329,487,658,743,896,361,337,465,631,730,908,291,358,480,644,718,925, 
Step-244,341,326,478,652,741,897,366,335,456,626,728,909,292,356,472,640,716,926, 
Step-245,346,323,469,647,738,898,373,332,443,617,724,911,291,353,460,632,713,927, 
Step-246,353,318,456,638,736,899,380,330,431,609,721,913,291,351,451,625,709,929, 
Step-247,360,316,446,631,733,900,387,328,424,603,719,914,291,350,443,620,707,930, 
Step-248,366,314,438,625,730,902,393,326,413,594,716,915,292,349,433,612,704,932, 
Step-249,374,312,426,616,727,903,403,326,401,585,712,917,292,348,424,603,700,933, 
Step-250,383,311,416,608,724,904,411,325,393,577,709,918,291,348,416,597,697,935, 
Step-251,390,310,408,601,721,905,416,325,387,571,706,920,292,348,411,592,695,936, 
Step-252,395,310,402,595,719,906,424,325,379,562,703,921,292,348,402,583,692,938, 
Step-253,405,309,392,585,715,908,435,326,368,550,698,924,292,349,393,573,687,940, 
Step-254,416,310,382,574,710,910,445,327,360,541,694,925,292,350,386,564,683,941, 
Step-255,425,311,374,565,707,912,453,329,354,532,690,928,291,352,380,557,680,943, 
Step-256,433,311,367,556,703,913,463,330,347,522,686,929,292,354,374,548,676,945, 
Step-257,444,313,360,546,699,915,473,333,341,511,680,932,292,356,368,538,671,947, 
Step-258,454,315,353,535,694,917,484,336,336,502,677,933,292,359,363,530,667,949, 
Step-259,463,317,348,527,691,918,489,337,332,496,673,934,292,360,360,524,664,950, 
Step-260,469,318,344,520,687,919,498,341,327,485,667,937,292,364,354,514,658,952, 
Step-261,481,322,338,508,681,922,512,346,320,469,660,941,292,370,348,499,651,956, 
Step-262,496,328,331,493,674,925,523,351,316,461,655,943,292,373,345,491,646,958, 
Step-263,504,331,327,485,670,926,531,355,314,452,650,945,292,377,342,483,642,960, 
Step-264,513,335,324,475,665,928,541,360,310,442,643,948,292,382,339,473,636,963, 
Step-265,524,340,320,464,658,931,552,366,307,430,635,951,292,388,337,462,629,966, 
Step-266,535,345,317,452,651,933,562,372,305,421,629,954,292,393,335,453,623,969, 
Step-267,545,351,314,443,646,935,568,376,303,415,625,955,292,397,334,447,619,970, 
Step-268,550,354,313,436,641,938,575,381,302,406,618,959,292,402,333,439,613,973, 
Step-269,559,360,310,426,634,941,586,391,300,393,607,963,292,411,331,426,602,978, 
Step-270,572,370,309,413,624,944,596,399,300,385,600,966,292,418,331,418,595,981, 
Step-271,581,377,307,405,617,947,602,404,299,379,593,969,292,423,331,412,590,983, 
Step-272,587,382,307,398,612,949,609,412,299,371,585,973,292,431,331,404,582,987, 
Step-273,596,390,307,388,602,953,619,422,300,361,574,978,292,440,331,394,572,991, 
Step-274,606,400,307,378,592,957,627,432,301,353,564,982,292,449,333,385,563,996, 
Step-275,615,409,307,370,584,961,634,439,301,348,557,985,292,456,334,380,557,999, 
Step-276,620,416,308,364,576,964,640,448,303,341,548,990,292,464,335,374,549,1003, 
Step-277,628,425,309,356,566,968,649,460,306,333,534,996,293,477,338,364,535,1010, 
Step-278,638,439,312,347,552,974,657,472,309,327,523,1002,293,487,341,358,525,1014, 
Step-279,645,449,314,340,543,978,662,480,312,323,514,1006,293,495,344,353,517,1019, 
Step-280,651,457,316,335,534,983,668,489,315,318,503,1012,292,505,347,348,507,1024, 
Step-281,657,468,319,329,523,988,674,500,320,314,491,1017,293,515,351,343,496,1030, 
Step-282,664,478,323,324,512,993,679,509,323,311,483,1022,292,523,355,340,488,1035, 
Step-283,669,487,326,320,504,997,684,517,327,308,472,1028,293,533,359,336,479,1040, 
Step-284,674,496,330,316,492,1004,689,529,334,304,459,1036,293,545,365,332,466,1048, 
Step-285,680,509,336,312,479,1010,695,540,340,302,449,1043,292,554,370,329,456,1054, 
Step-286,685,519,342,308,468,1017,700,551,347,300,436,1051,292,565,376,326,445,1062, 
Step-287,691,530,347,305,458,1023,703,557,351,299,430,1056,292,572,381,325,439,1067, 
Step-288,693,537,351,304,450,1028,707,566,358,297,420,1063,293,581,386,324,430,1074, 
Step-289,698,546,358,302,440,1035,711,576,366,297,409,1073,292,591,394,322,419,1083, 
Step-290,703,557,366,300,429,1044,715,585,375,297,397,1082,292,602,402,321,408,1091, 
Step-291,707,567,373,299,419,1051,719,592,381,297,391,1088,292,609,408,321,402,1098, 
Step-292,710,574,379,298,411,1057,722,600,389,297,383,1096,293,616,415,321,394,1105, 
Step-293,713,582,386,298,402,1066,725,609,399,298,372,1108,292,627,425,321,384,1116, 
Step-294,718,592,397,298,391,1077,729,619,412,300,362,1120,292,637,436,322,374,1128, 
Step-295,722,603,407,299,382,1085,731,624,418,301,357,1126,292,643,441,323,369,1134, 
Step-296,724,608,414,299,375,1092,734,631,428,303,349,1136,292,650,450,324,362,1143, 
Step-297,727,616,423,301,367,1103,737,638,439,306,341,1148,293,659,460,326,354,1154, 
Step-298,730,625,434,302,359,1113,740,645,449,309,335,1158,293,666,470,329,349,1164, 
Step-299,733,631,443,304,353,1122,742,650,457,311,331,1166,292,671,477,331,344,1172, 
Step-300,735,637,450,306,348,1130,744,656,467,315,325,1176,293,677,486,333,339,1182, 
Step-301,738,643,460,309,342,1142,747,663,479,319,319,1189,293,685,498,337,333,1195, 
Step-302,741,650,472,313,335,1153,750,669,492,325,314,1202,293,692,509,342,327,1207, 
Step-303,743,657,484,316,329,1165,752,674,503,331,309,1214,293,698,520,346,323,1219, 
Step-304,746,664,495,321,324,1177,754,680,513,336,305,1225,292,704,530,350,319,1230, 
Step-305,748,669,505,326,320,1188,756,685,524,342,302,1236,293,710,540,356,316,1240, 
Step-306,750,675,515,331,317,1198,757,689,533,347,300,1245,293,714,549,360,314,1249, 
Step-307,752,679,524,335,314,1207,759,692,541,352,298,1253,293,718,557,364,312,1258, 
Step-308,753,683,532,340,311,1216,761,697,551,359,295,1264,293,723,567,371,310,1269, 
Step-309,755,688,543,347,308,1229,763,702,563,369,293,1277,292,728,579,379,308,1282, 
Step-310,757,694,555,355,305,1241,764,706,572,377,292,1287,292,732,588,385,307,1291, 
Step-311,759,697,564,361,304,1250,766,709,580,383,292,1295,292,736,596,391,306,1299, 
Step-312,760,701,572,368,303,1259,767,713,589,392,291,1304,292,740,605,399,306,1309, 
Step-313,762,705,582,376,302,1269,769,716,598,401,291,1314,292,744,614,407,306,1318, 
Step-314,763,709,591,385,301,1280,770,720,607,412,291,1322,292,748,623,416,307,1327, 
Step-315,765,713,600,393,301,1288,771,722,613,418,292,1328,292,750,629,422,307,1333, 
Step-316,766,716,606,401,301,1296,773,725,622,429,293,1337,292,754,639,433,308,1342, 
Step-317,768,719,615,412,301,1307,774,729,631,442,295,1346,293,758,649,444,310,1351, 
Step-318,770,723,626,424,303,1317,776,732,640,455,297,1353,292,762,657,455,312,1359, 
Step-319,771,727,634,435,304,1324,777,735,646,464,300,1358,292,764,664,464,315,1364, 
Step-320,772,729,641,444,306,1331,778,737,652,473,302,1362,293,766,670,472,317,1369, 
Step-321,773,732,647,454,308,1337,779,739,658,483,305,1368,293,769,676,482,320,1374, 
Step-322,774,734,653,463,311,1343,780,742,664,495,309,1372,292,772,683,493,324,1379, 
Step-323,775,737,660,474,313,1348,781,743,669,503,313,1375,292,774,687,501,327,1382, 
Step-324,776,739,664,483,317,1353,782,746,675,515,317,1379,293,776,694,512,332,1386, 
Step-325,777,741,671,495,321,1359,783,748,681,527,323,1382,292,778,700,525,337,1389, 
Step-326,778,744,678,507,326,1364,784,751,687,539,329,1385,293,781,707,536,343,1393, 
Step-327,779,746,683,518,331,1368,785,751,690,548,334,1387,292,783,711,544,347,1395, 
Step-328,780,748,687,527,336,1371,785,754,695,557,340,1388,292,784,715,554,353,1396, 
Step-329,781,750,692,537,342,1374,786,756,700,569,348,1389,292,787,721,566,361,1397, 
Step-330,782,752,698,549,349,1377,787,757,704,577,354,1390,292,788,724,574,367,1398, 
Step-331,783,754,701,557,354,1379,788,758,707,585,359,1390,293,789,728,581,372,1398, 
Step-332,783,755,705,564,359,1380,788,760,711,595,368,1390,293,791,732,592,380,1398, 
Step-333,784,757,709,576,368,1382,789,762,715,605,378,1389,292,793,737,603,390,1398, 
Step-334,785,759,714,586,377,1383,790,763,719,614,388,1388,292,795,741,612,399,1396, 
Step-335,785,761,718,596,385,1384,790,765,721,621,395,1386,292,796,744,619,406,1396, 
Step-336,786,762,721,603,392,1384,791,766,725,630,405,1384,292,797,747,628,415,1394, 
Step-337,787,763,724,612,402,1384,792,767,728,638,415,1382,290,798,750,636,424,1392, 
Step-338,788,765,727,620,411,1383,793,768,731,645,426,1379,289,800,754,644,435,1389, 
Step-339,788,766,731,628,421,1381,793,769,734,652,435,1376,289,801,756,651,444,1386, 
Step-340,789,767,734,635,430,1380,794,771,736,658,444,1373,290,802,759,657,453,1383, 
Step-341,789,768,737,642,440,1378,794,772,739,666,457,1368,290,803,761,666,465,1378, 
Step-342,790,770,740,650,452,1376,795,773,742,673,470,1363,290,805,765,673,477,1373, 
Step-343,791,771,742,657,462,1373,796,774,744,677,478,1359,290,806,766,678,485,1370, 
Step-344,791,772,744,662,470,1370,796,775,746,682,487,1355,290,806,769,683,494,1365, 
Step-345,792,773,746,668,481,1366,796,776,748,689,501,1347,290,807,771,690,507,1359, 
Step-346,792,774,749,674,493,1362,797,777,750,694,510,1342,289,808,773,695,516,1354, 
Step-347,792,775,751,679,502,1358,797,778,752,698,519,1336,289,809,775,700,525,1348, 
Step-348,793,776,753,683,511,1354,798,779,754,702,531,1328,290,810,777,705,536,1341, 
Step-349,793,777,755,690,524,1347,798,779,756,709,544,1318,290,811,779,712,550,1331, 
Step-350,794,778,758,695,536,1340,799,780,758,712,554,1311,290,811,781,715,559,1324, 
Step-351,794,779,759,699,545,1335,799,781,759,716,562,1304,290,812,783,719,568,1317, 
Step-352,795,780,761,703,555,1329,800,782,761,720,573,1294,290,813,784,724,578,1308, 
Step-353,796,780,763,708,565,1321,800,783,762,724,582,1284,290,814,786,727,589,1298, 
Step-354,796,781,765,712,575,1313,800,783,764,727,592,1275,291,815,787,732,597,1289, 
Step-355,796,782,766,716,583,1306,801,784,766,730,599,1267,290,815,788,734,605,1281, 
Step-356,796,783,767,719,591,1298,801,785,767,733,607,1256,290,816,790,738,614,1272, 
Step-357,797,784,769,723,601,1287,802,786,769,738,619,1241,291,817,792,743,626,1256, 
Step-358,797,784,771,727,611,1277,802,786,770,740,625,1232,291,817,793,745,632,1247, 
Step-359,798,785,771,730,618,1269,803,787,771,743,633,1220,291,818,794,748,640,1236, 
Step-360,798,786,773,732,626,1259,803,788,772,745,640,1210,291,818,795,751,647,1226, 
Step-361,798,786,774,735,633,1249,803,788,773,748,648,1197,291,818,796,753,655,1213, 
Step-362,799,787,775,738,641,1238,803,789,774,750,654,1186,292,819,797,756,662,1202, 
Step-363,799,788,777,740,647,1229,804,789,775,752,659,1178,292,819,798,757,666,1195, 
Step-364,799,788,778,742,652,1221,804,790,776,754,664,1167,293,820,799,760,672,1184, 
Step-365,800,789,779,745,659,1209,804,790,777,757,673,1151,294,821,800,763,681,1167, 
Step-366,800,789,780,748,667,1194,804,791,779,759,680,1137,294,821,801,765,687,1154, 
Step-367,800,790,781,750,673,1185,805,791,779,760,683,1129,294,822,802,767,691,1146, 
Step-368,800,790,782,752,677,1176,805,792,780,762,688,1116,294,822,803,769,697,1133, 
Step-369,801,791,783,754,682,1163,805,792,781,765,694,1104,294,822,804,771,703,1120, 
Step-370,801,792,784,756,689,1152,805,793,782,766,699,1093,293,822,805,773,707,1110, 
Step-371,801,792,785,758,693,1143,806,793,783,767,702,1085,292,823,805,774,711,1101, 
Step-372,802,792,786,759,697,1133,806,794,784,769,706,1074,291,823,806,776,715,1090, 
Step-373,802,793,786,761,701,1122,806,794,785,771,711,1062,292,824,807,778,720,1078, 
Step-374,802,793,787,764,707,1110,807,795,785,772,716,1050,292,824,807,780,725,1065, 
Step-375,802,794,788,765,711,1100,807,795,787,774,718,1043,292,825,808,781,728,1058, 
Step-376,802,794,789,766,714,1092,807,795,787,775,722,1033,292,825,808,782,731,1049, 
Step-377,802,795,790,768,718,1082,807,796,788,777,725,1024,292,825,809,784,735,1039, 
Step-378,803,795,790,769,721,1073,807,796,788,778,729,1016,293,826,810,785,738,1031, 
Step-379,803,795,791,771,724,1066,808,797,789,779,731,1009,293,826,810,786,741,1024, 
Step-380,804,796,791,772,727,1058,808,797,789,780,735,1001,292,826,811,787,744,1015, 
Step-381,803,796,792,773,731,1047,808,797,790,782,738,991,293,826,812,789,748,1005, 
Step-382,804,797,793,775,734,1038,808,798,791,782,741,984,293,827,812,790,750,999, 
Step-383,804,797,794,776,737,1032,808,798,791,783,743,979,293,827,813,791,752,992, 
Step-384,804,797,794,777,739,1026,809,799,792,784,746,971,292,827,813,792,755,984, 
Step-385,804,797,795,778,742,1017,809,798,793,785,748,965,291,827,814,793,758,979, 
Step-386,805,798,795,779,744,1012,809,799,793,786,750,961,290,828,814,794,759,973, 
Step-387,805,798,796,780,746,1007,809,799,794,787,751,956,290,828,814,794,761,969, 
Step-388,805,798,796,781,748,1001,809,799,794,788,754,950,287,828,815,795,764,963, 
Step-389,805,799,797,782,750,994,810,800,795,789,756,944,289,828,815,797,766,956, 
Step-390,805,799,797,783,753,988,810,800,795,790,758,941,288,828,816,797,768,952, 
Step-391,805,799,798,784,754,984,810,800,795,790,759,936,289,829,816,798,770,947, 
Step-392,805,800,798,785,756,979,810,801,796,791,761,931,288,829,817,799,771,943, 
Step-393,806,800,799,785,758,974,810,801,797,792,763,928,289,829,817,800,773,939, 
Step-394,805,800,799,787,760,970,810,801,797,792,764,924,289,829,817,800,774,936, 
Step-395,806,800,800,787,761,966,810,801,797,793,765,921,288,829,817,801,776,932, 
Step-396,806,801,800,788,763,962,811,801,798,793,767,918,289,830,818,801,777,929, 
Step-397,806,801,800,788,764,958,810,802,798,795,769,914,289,830,818,802,779,924, 
Step-398,807,801,801,789,766,953,811,802,798,795,771,911,289,830,819,803,780,921, 
Step-399,807,801,801,790,767,950,811,802,799,796,772,908,290,831,819,803,781,919, 
Step-400,806,802,802,791,769,947,811,802,799,796,773,906,290,830,819,804,782,916, 
Step-401,807,802,802,791,770,944,811,803,800,797,774,902,290,830,820,805,784,912, 
Step-402,807,802,803,792,771,941,811,803,800,797,775,900,290,830,820,805,785,911, 
Step-403,807,802,803,793,772,938,811,803,800,798,775,899,290,831,820,806,786,909, 
Step-404,807,803,803,793,773,936,812,803,800,799,777,896,290,831,820,806,787,906, 
Step-405,807,803,803,793,775,933,812,803,801,799,778,893,289,831,821,807,788,903, 
Step-406,807,803,804,794,776,929,812,804,801,799,779,891,290,831,821,807,789,901, 
Step-407,808,803,804,795,777,927,812,804,801,800,780,889,290,831,821,808,790,899, 
Step-408,808,803,804,795,778,925,812,804,802,800,781,887,290,831,821,808,791,897, 
Step-409,808,803,804,796,779,923,812,804,802,800,782,885,291,832,821,809,792,895, 
Step-410,808,803,805,796,780,920,812,804,802,801,783,884,290,831,821,809,793,893, 
Step-411,808,804,805,796,781,919,812,805,803,802,784,882,289,831,822,809,793,892, 
Step-412,808,804,805,797,782,917,812,805,803,802,785,881,290,832,822,809,794,890, 
Step-413,808,804,806,798,782,915,812,805,803,802,786,879,290,832,822,810,795,888, 
Step-414,808,804,806,798,783,913,812,805,804,803,786,877,290,832,822,810,796,887, 
Step-415,809,804,806,798,784,911,813,805,803,803,787,876,290,832,822,811,797,885, 
Step-416,808,805,806,799,785,909,813,805,804,804,788,875,291,832,823,811,797,884, 
Step-417,809,805,807,799,786,908,813,805,804,804,788,874,290,832,823,811,798,883, 
Step-418,809,805,807,800,786,906,813,806,804,804,789,872,290,832,823,812,799,882, 
Step-419,809,805,807,800,788,905,813,806,805,805,790,872,290,832,823,812,799,881, 
Step-420,809,806,808,800,788,903,813,806,805,805,790,870,290,832,823,812,799,880, 
Step-421,809,805,808,801,789,902,813,806,805,805,791,869,289,832,823,813,801,878, 
Step-422,809,805,808,801,789,900,813,806,805,805,791,868,290,832,824,813,801,877, 
Step-423,809,806,808,801,790,899,813,806,805,805,792,867,290,832,824,813,801,876, 
Step-424,809,806,808,802,790,898,813,806,806,806,793,866,291,833,824,813,802,875, 
Step-425,809,806,809,802,791,897,813,807,806,806,793,865,291,832,824,814,802,874, 
Step-426,809,806,809,802,792,895,814,807,806,806,794,864,291,833,824,814,803,873, 
Step-427,809,806,809,802,792,894,813,807,807,806,794,864,291,833,824,814,803,873, 
Step-428,809,806,809,803,792,893,814,807,807,807,795,863,288,833,824,814,804,872, 
Step-429,809,806,809,803,793,892,814,807,807,807,795,862,288,832,825,814,805,870, 
Step-430,809,807,809,803,794,891,813,807,807,807,796,861,290,833,824,815,805,870, 
Step-431,810,806,810,804,794,890,814,807,807,808,796,861,290,833,824,815,805,869, 
Step-432,810,807,810,804,795,889,814,807,807,807,796,860,289,833,825,815,806,868, 
Step-433,810,807,810,804,796,888,814,808,807,808,797,859,289,833,825,815,806,868, 
Step-434,810,807,810,804,795,887,814,808,808,808,797,858,289,833,825,816,806,867, 
Step-435,810,807,810,805,796,887,814,808,808,808,798,858,290,833,825,816,807,867, 
Step-436,810,807,811,805,797,886,814,808,808,809,798,857,290,833,825,816,807,866, 
Step-437,810,807,811,806,797,885,814,808,808,809,799,857,290,833,825,816,807,865, 
Step-438,810,808,811,806,797,884,814,808,809,809,799,856,291,833,825,816,808,865, 
Step-439,810,807,811,806,798,883,814,808,808,809,799,856,290,833,825,817,808,865, 
Step-440,810,807,811,806,798,883,814,808,809,809,800,855,290,833,825,817,808,864, 
Step-441,810,808,811,806,798,882,814,808,808,810,800,855,290,833,825,817,809,863, 
Step-442,810,808,811,806,799,881,814,808,809,810,800,855,290,833,826,817,809,863, 
Step-443,810,808,812,807,799,881,815,808,809,810,801,854,291,833,826,817,809,862, 
Step-444,810,808,811,807,799,880,815,809,809,810,801,854,291,833,826,817,809,862, 
Step-445,810,808,812,807,800,879,815,808,809,810,801,853,291,833,826,817,809,861, 
Step-446,810,808,812,807,800,878,815,809,809,810,802,853,292,833,826,818,810,861, 
Step-447,810,808,812,807,800,878,815,809,810,811,802,852,291,833,826,817,810,860, 
Step-448,810,808,812,808,801,878,814,809,810,811,802,852,292,833,826,818,810,860, 
Step-449,810,808,813,808,801,877,815,809,810,811,802,851,292,833,826,818,810,860, 
Step-450,811,808,812,808,802,877,815,809,810,811,803,852,292,833,826,818,811,859, 
Step-451,810,809,813,808,802,876,815,809,810,811,803,850,293,833,826,818,811,859, 
Step-452,811,809,813,809,802,875,815,809,810,811,803,850,293,834,826,818,811,859, 
Step-453,810,808,813,808,802,875,815,809,810,812,803,850,292,834,826,819,812,858, 
Step-454,810,808,813,808,802,874,814,809,810,812,804,849,292,833,826,819,812,858, 
Step-455,811,809,813,809,803,874,815,810,810,811,804,849,288,833,826,819,812,857, 
Step-456,811,809,813,809,803,873,815,809,810,812,804,849,290,834,826,819,812,857, 
Step-457,811,809,813,809,803,873,815,810,811,812,804,849,289,833,826,819,812,857, 
Step-458,811,809,813,809,804,872,815,810,810,812,805,848,289,833,826,819,813,857, 
Step-459,811,809,813,809,804,872,815,810,811,812,805,848,289,834,827,819,812,857, 
Step-460,811,809,813,809,804,871,815,810,811,812,805,848,290,834,826,819,813,856, 
Step-461,811,809,813,810,804,871,815,810,811,812,805,848,288,834,826,819,813,856, 
Step-462,811,809,813,810,805,871,815,810,811,813,806,847,287,834,826,819,813,856, 
Step-463,811,809,814,810,805,870,815,810,811,813,806,847,289,834,827,819,813,855, 
Step-464,811,809,814,810,805,870,815,810,811,813,806,847,289,834,827,819,813,855, 
Step-465,811,810,814,810,805,870,815,810,811,812,806,847,289,834,827,820,813,855, 
Step-466,811,810,814,810,805,869,815,810,811,812,806,846,289,834,827,819,814,855, 
Step-467,811,810,814,810,806,869,815,810,812,813,806,846,290,834,827,820,813,855, 
Step-468,811,810,814,810,805,869,815,810,811,813,806,846,290,834,827,820,814,855, 
Step-469,811,810,814,811,806,868,815,810,812,813,807,846,290,833,827,820,814,854, 
Step-470,811,810,814,811,806,868,815,810,812,813,807,846,291,833,827,820,814,854, 
Step-471,811,810,814,811,806,868,816,810,812,813,807,846,291,833,827,820,814,854, 
Step-472,811,810,814,811,807,867,815,810,812,813,807,845,291,834,827,820,814,854, 
Step-473,811,810,814,811,806,867,816,810,812,813,808,846,292,834,827,820,814,853, 
Step-474,811,809,814,811,807,867,815,810,812,813,808,845,291,833,827,820,815,853, 
Step-475,811,810,815,811,807,866,815,810,812,813,807,845,292,833,827,820,815,853, 
Step-476,811,810,815,811,807,867,816,810,812,813,808,845,291,833,827,820,815,853, 
Step-477,811,810,815,811,807,866,815,810,812,813,808,845,290,833,827,820,815,853, 
Step-478,811,810,815,811,807,866,815,811,813,814,808,844,288,834,827,820,815,853, 
Step-479,811,810,815,811,808,865,815,810,813,813,808,844,284,833,827,820,815,853, 
Step-480,811,810,815,812,808,865,816,811,813,814,808,844,285,833,827,820,815,853, 
Step-481,811,810,815,812,808,865,816,811,812,814,808,844,288,833,827,820,815,853, 
Step-482,811,810,815,812,808,865,816,811,812,814,809,844,292,834,827,821,815,852, 
Step-483,811,810,815,812,808,865,815,811,813,814,809,844,291,833,827,820,815,852, 
Step-484,811,810,815,812,808,864,816,811,813,814,809,844,291,833,827,820,815,852, 
Step-485,811,810,815,812,808,864,816,811,813,814,809,843,291,833,827,820,816,852, 
Step-486,811,811,815,812,809,864,816,811,813,814,809,844,291,833,827,821,816,852, 
Step-487,811,810,815,812,809,864,815,811,813,814,809,844,291,833,827,821,816,852, 
Step-488,811,810,815,812,809,864,815,811,813,814,809,843,291,833,827,821,816,852, 
Step-489,811,810,815,812,809,864,815,811,813,814,809,843,291,833,827,821,816,852, 
Step-490,811,810,815,812,809,863,816,811,813,814,809,843,291,833,827,821,816,852, 
Step-491,811,811,816,812,809,863,816,811,813,814,810,843,291,833,827,821,816,852, 
Step-492,811,810,815,813,809,863,815,811,813,814,810,843,291,833,827,821,816,851, 
Step-493,812,811,816,813,809,863,816,811,813,814,810,843,289,833,827,821,816,851, 
Step-494,812,811,815,813,810,862,815,811,813,814,810,843,289,833,827,821,816,851, 
Step-495,812,811,815,813,809,862,815,811,813,814,810,842,289,833,827,821,816,851, 
Step-496,811,810,816,813,810,862,816,811,813,815,810,842,290,833,827,821,816,851, 
Step-497,811,811,816,813,810,862,816,811,813,814,810,842,290,833,827,821,816,851, 
Step-498,811,811,816,813,810,862,816,811,813,815,810,842,289,833,827,821,817,851, 
Step-499,811,811,816,813,810,862,816,811,813,815,810,842,289,833,827,821,816,851, 
Step-500,811,811,816,813,810,861,816,811,813,815,811,842,289,833,827,821,816,851, 
Step-501,811,811,816,813,810,861,816,811,813,814,810,842,289,833,827,821,816,851, 
Step-502,811,811,816,813,810,861,815,811,814,814,811,842,289,833,827,821,816,851, 
Step-503,811,811,816,813,810,861,816,811,813,814,811,842,290,833,827,821,817,851, 
Step-504,812,811,816,813,810,861,815,811,814,815,811,842,290,833,827,821,817,851, 
Step-505,812,810,816,813,810,861,816,811,813,815,811,842,290,833,827,821,816,850, 
Step-506,811,811,816,813,811,860,816,811,814,815,811,842,291,833,827,821,817,851, 
Step-507,811,810,816,813,811,861,816,811,814,815,811,842,291,833,827,821,817,850, 
Step-508,812,811,816,813,810,860,816,811,814,815,811,842,290,833,827,821,817,850, 
Step-509,811,811,816,813,811,860,816,811,814,815,811,841,291,833,827,821,817,850, 
Step-510,811,811,816,813,811,860,816,811,813,815,811,842,291,833,827,821,817,851, 
Step-511,811,811,816,814,811,860,816,811,814,815,811,842,291,832,827,821,817,850, 
Step-512,812,811,816,814,811,860,816,811,814,815,811,842,291,833,827,821,817,850, 
Step-513,811,811,816,813,811,860,816,811,814,815,811,842,291,833,826,821,817,851, 
Step-514,811,811,816,814,811,860,815,812,814,815,812,841,290,833,827,821,817,850, 
Step-515,812,811,816,814,811,860,816,811,814,815,811,842,287,833,827,821,817,850, 
Step-516,811,811,816,814,811,860,815,811,814,815,811,841,291,833,827,821,817,850, 
Step-517,811,811,816,814,811,859,815,811,814,815,811,841,291,833,827,821,817,850, 
Step-518,811,811,816,814,811,859,816,811,814,815,811,841,291,832,827,821,817,850, 
Step-519,811,811,816,814,812,859,816,811,814,815,811,841,291,832,826,821,817,850, 
Step-520,811,811,816,814,811,859,816,811,814,815,812,841,291,832,827,821,817,850, 
Step-521,812,811,816,814,811,859,815,811,814,815,812,841,291,833,826,821,817,850, 
Step-522,811,811,816,814,812,859,815,811,814,815,812,841,292,832,827,821,817,850, 
Step-523,811,811,816,814,812,859,815,811,814,815,812,841,291,832,826,821,817,850, 
Step-524,811,811,816,814,812,858,816,811,814,815,812,841,289,832,826,821,817,850, 
Step-525,812,811,816,814,812,859,816,812,814,815,812,841,291,832,826,821,817,850, 
Step-526,811,811,816,814,812,859,815,812,814,815,812,841,292,832,827,821,817,850, 
Step-527,811,811,816,814,812,859,815,812,814,815,812,841,292,832,827,821,817,850, 
Step-528,811,811,816,814,812,859,815,812,814,815,812,841,291,832,826,821,817,850, 
Step-529,811,811,816,814,812,859,815,811,814,815,812,841,292,832,826,821,817,850, 
Step-530,812,811,816,814,812,859,815,811,814,815,812,841,292,832,826,821,817,850, 
Step-531,811,811,816,814,812,858,816,812,814,815,812,841,292,832,826,821,817,850, 
Step-532,811,811,816,814,812,858,816,811,814,815,813,841,292,832,826,821,817,850, 
Step-533,811,811,816,814,812,858,815,811,814,815,812,841,292,832,826,821,817,850, 
Step-534,811,811,817,814,812,858,815,812,814,815,812,841,289,832,826,821,817,850, 
Step-535,811,811,816,815,812,858,816,812,814,815,812,841,289,832,826,820,817,850, 
Step-536,811,811,816,814,812,858,815,811,814,815,812,841,290,832,826,821,817,850, 
Step-537,811,811,817,814,812,858,815,812,814,815,812,841,289,832,826,821,817,850, 
Step-538,811,811,816,814,812,858,815,811,814,815,812,841,289,832,826,821,817,850, 
Step-539,811,811,816,814,812,858,816,811,814,815,812,841,290,832,826,821,817,850, 
Step-540,811,811,816,815,812,858,815,812,814,815,812,841,290,832,826,821,817,850, 
Step-541,811,811,816,815,812,858,815,812,814,815,812,841,290,832,826,821,817,850, 
Step-542,811,812,816,814,812,858,815,811,814,815,812,841,291,832,826,821,817,850, 
Step-543,811,811,816,814,812,858,815,811,814,815,812,841,290,832,826,821,817,850, 
Step-544,812,811,816,814,812,857,815,812,814,815,812,841,290,832,826,821,817,850, 
Step-545,811,811,816,814,813,857,815,811,814,815,812,841,291,832,826,821,817,850, 
Step-546,811,811,816,814,812,858,815,811,814,815,813,841,291,832,826,821,818,850, 
Step-547,811,811,817,815,812,857,816,811,814,815,813,841,291,831,826,820,817,850, 
Step-548,811,811,817,814,813,857,815,812,814,815,813,841,291,831,826,820,817,850, 
Step-549,811,811,816,814,812,857,815,812,814,815,812,841,291,832,826,821,817,850, 
