,0,1,2,3,4,5,6,7,8,9,10,11,12,13,14,15,16,17
0,12576,12576,12528,12544,12528,12576,12592,12560,12512,12608,12576,12528,12480,12528,12528,12576,12480,12528
1,12592,12592,12576,12576,12496,12576,12640,12592,12512,12576,12576,12608,12560,12512,12512,12624,12544,12512
2,12560,12544,12576,12576,12496,12528,12624,12608,12544,12560,12576,12592,12624,12544,12512,12544,12560,12576
3,12592,12512,12560,12624,12544,12528,12560,12608,12576,12576,12512,12560,12592,12576,12512,12496,12528,12560
4,12640,12528,12496,12592,12560,12560,12592,12544,12576,12640,12576,12512,12544,12576,12576,12560,12480,12560
5,12672,12576,12544,12528,12528,12592,12592,12544,12528,12592,12592,12560,12560,12528,12560,12592,12496,12512
6,12576,12608,12608,12576,12496,12560,12624,12576,12512,12560,12576,12592,12560,12512,12496,12576,12576,12544
7,12608,12560,12592,12624,12512,12512,12608,12592,12560,12560,12496,12560,12608,12544,12496,12528,12544,12576
8,12640,12544,12544,12608,12560,12512,12576,12576,12576,12608,12528,12528,12608,12592,12528,12544,12512,12560
9,12656,12560,12512,12608,12560,12592,12560,12528,12544,12608,12576,12512,12576,12544,12592,12544,12512,12528
10,12640,12624,12576,12576,12512,12576,12672,12624,12544,12560,12560,12592,12656,12544,12512,12544,12528,12576
11,12672,12560,12496,12592,12576,12608,12608,12576,12512,12624,12640,12576,12592,12528,12544,12608,12560,12528
12,12608,12560,12592,12640,12528,12544,12544,12592,12592,12640,12544,12528,12624,12592,12608,12576,12480,12512
13,12656,12592,12592,12576,12512,12576,12656,12656,12560,12560,12544,12576,12640,12512,12496,12576,12544,12544
14,12560,12528,12576,12624,12544,12512,12608,12592,12592,12592,12512,12560,12576,12560,12496,12496,12528,12592
15,12624,12512,12528,12624,12576,12560,12560,12576,12576,12624,12528,12496,12544,12608,12560,12528,12496,12576
16,12672,12576,12544,12576,12560,12576,12608,12528,12560,12624,12576,12512,12560,12592,12576,12560,12480,12496
17,12656,12608,12592,12592,12496,12544,12672,12624,12560,12576,12544,12576,12592,12592,12512,12528,12496,12576
18,12688,12576,12528,12576,12560,12592,12624,12544,12496,12576,12576,12544,12544,12528,12560,12608,12528,12496
19,12576,12576,12592,12560,12496,12544,12640,12608,12528,12544,12576,12592,12624,12480,12528,12592,12560,12528
20,12544,12560,12576,12640,12512,12496,12576,12624,12544,12560,12512,12576,12608,12560,12480,12512,12512,12576
21,12640,12528,12560,12624,12576,12544,12528,12560,12576,12624,12560,12512,12576,12576,12560,12528,12496,12560
22,12640,12560,12544,12576,12544,12592,12576,12544,12560,12624,12592,12528,12544,12544,12576,12576,12480,12512
23,12656,12592,12576,12544,12512,12576,12688,12608,12512,12592,12608,12592,12528,12496,12528,12576,12528,12512
24,12528,12560,12576,12592,12480,12512,12640,12624,12544,12544,12560,12592,12592,12496,12480,12544,12576,12576
25,12560,12544,12576,12640,12528,12512,12576,12608,12576,12592,12528,12576,12624,12592,12512,12496,12480,12560
26,12640,12528,12496,12592,12576,12560,12576,12544,12576,12624,12544,12528,12592,12576,12592,12528,12496,12544
27,12656,12608,12544,12544,12560,12608,12608,12560,12528,12624,12624,12576,12544,12544,12576,12608,12528,12512
28,12640,12608,12592,12576,12512,12560,12624,12592,12512,12560,12592,12608,12544,12496,12512,12576,12560,12512
29,12576,12592,12592,12624,12512,12496,12608,12624,12544,12560,12528,12592,12624,12560,12512,12528,12544,12560
30,12624,12528,12528,12592,12592,12592,12608,12560,12528,12624,12608,12576,12560,12512,12544,12608,12544,12528
31,12608,12576,12592,12640,12544,12544,12592,12624,12592,12576,12512,12528,12608,12592,12544,12528,12512,12576
32,12656,12528,12512,12592,12560,12560,12560,12544,12560,12624,12576,12544,12544,12576,12592,12544,12496,12528
33,12688,12608,12544,12544,12528,12560,12672,12608,12528,12576,12576,12608,12624,12576,12512,12528,12560,12608
34,12640,12544,12528,12608,12592,12608,12608,12576,12544,12608,12624,12576,12576,12496,12544,12592,12528,12512
35,12528,12576,12592,12592,12496,12512,12624,12640,12512,12560,12560,12592,12640,12496,12464,12576,12576,12544
36,12560,12512,12560,12640,12528,12528,12576,12624,12608,12608,12544,12528,12608,12592,12560,12560,12480,12528
37,12656,12624,12560,12576,12512,12560,12640,12624,12528,12560,12576,12592,12656,12576,12512,12528,12528,12608
38,12640,12544,12528,12592,12576,12592,12592,12528,12560,12640,12576,12544,12496,12544,12560,12576,12480,12512
39,12672,12608,12560,12560,12512,12560,12704,12576,12512,12608,12592,12576,12528,12480,12528,12608,12544,12496
40,12576,12592,12608,12592,12496,12528,12656,12624,12544,12560,12560,12576,12560,12512,12496,12560,12560,12528
41,12528,12544,12592,12624,12512,12512,12592,12624,12592,12592,12544,12560,12624,12640,12560,12544,12496,12560
42,12640,12592,12560,12560,12544,12592,12688,12592,12512,12560,12592,12592,12608,12544,12512,12560,12544,12608
43,12656,12544,12528,12624,12592,12576,12608,12544,12544,12640,12608,12576,12560,12544,12560,12624,12528,12512
44,12608,12576,12592,12624,12528,12528,12608,12608,12592,12608,12560,12528,12592,12592,12576,12576,12496,12544
45,12640,12624,12560,12560,12528,12576,12688,12560,12528,12608,12608,12576,12560,12512,12544,12592,12528,12496
46,12560,12608,12608,12576,12496,12544,12656,12624,12528,12544,12560,12592,12640,12512,12512,12576,12576,12592
47,12640,12544,12528,12608,12576,12576,12560,12544,12576,12640,12624,12560,12560,12544,12576,12592,12544,12528
48,12608,12576,12592,12640,12544,12544,12576,12608,12576,12592,12528,12528,12656,12624,12544,12528,12480,12560
49,12656,12528,12528,12576,12560,12576,12560,12544,12544,12624,12560,12512,12512,12544,12576,12576,12480,12512
50,12640,12624,12560,12560,12512,12576,12672,12608,12528,12560,12592,12592,12608,12544,12496,12560,12528,12592
51,12640,12528,12528,12592,12592,12592,12560,12544,12544,12624,12608,12560,12576,12528,12560,12608,12528,12512
52,12592,12576,12592,12624,12528,12528,12624,12608,12592,12608,12528,12496,12576,12608,12576,12544,12480,12560
53,12640,12608,12560,12576,12512,12576,12640,12608,12560,12544,12576,12592,12656,12544,12496,12560,12560,12592
54,12608,12528,12560,12624,12544,12544,12560,12592,12592,12608,12544,12528,12592,12624,12544,12528,12512,12592
55,12672,12560,12528,12592,12576,12576,12560,12544,12576,12640,12576,12512,12544,12592,12576,12560,12480,12528
56,12672,12608,12560,12576,12544,12592,12656,12576,12512,12592,12608,12592,12560,12512,12560,12608,12528,12480
57,12608,12576,12608,12592,12512,12544,12640,12624,12528,12560,12576,12592,12640,12512,12480,12592,12576,12560
58,12624,12528,12560,12640,12528,12512,12608,12624,12576,12560,12544,12560,12608,12576,12496,12512,12512,12560
59,12624,12560,12528,12608,12576,12560,12560,12560,12576,12624,12560,12496,12576,12576,12576,12528,12480,12544
60,12640,12576,12528,12544,12544,12576,12624,12544,12496,12608,12608,12544,12512,12528,12560,12624,12496,12528
61,12640,12576,12576,12576,12480,12560,12656,12576,12512,12528,12560,12592,12608,12512,12512,12608,12544,12528
62,12576,12560,12592,12592,12512,12496,12608,12608,12560,12576,12528,12560,12656,12560,12480,12528,12560,12608
63,12592,12512,12544,12608,12576,12512,12576,12592,12592,12656,12560,12544,12576,12576,12576,12560,12512,12528
64,12624,12592,12592,12592,12528,12528,12640,12640,12576,12576,12528,12560,12640,12592,12528,12528,12512,12560
65,12688,12576,12544,12544,12560,12592,12608,12528,12512,12624,12608,12544,12528,12544,12576,12576,12480,12496
66,12624,12592,12576,12576,12480,12560,12640,12592,12512,12560,12576,12592,12576,12512,12544,12576,12544,12528
67,12576,12560,12576,12592,12512,12496,12624,12624,12544,12560,12544,12576,12624,12544,12496,12560,12544,12576
68,12624,12528,12560,12624,12560,12528,12560,12592,12608,12656,12544,12544,12576,12592,12592,12576,12480,12512
69,12624,12608,12592,12608,12528,12560,12688,12640,12560,12560,12528,12576,12560,12608,12528,12528,12496,12592
70,12688,12576,12560,12576,12560,12592,12640,12560,12512,12608,12624,12592,12624,12528,12544,12592,12560,12560
71,12624,12528,12560,12624,12576,12528,12592,12592,12592,12640,12576,12528,12560,12560,12576,12608,12512,12480
72,12608,12608,12592,12592,12528,12560,12624,12640,12560,12576,12544,12560,12640,12576,12512,12528,12528,12576
73,12688,12560,12528,12576,12576,12592,12624,12576,12512,12592,12624,12608,12592,12496,12528,12576,12576,12560
74,12624,12528,12576,12640,12576,12560,12576,12576,12576,12656,12576,12528,12560,12544,12576,12608,12512,12512
75,12624,12592,12608,12608,12512,12528,12624,12624,12592,12576,12496,12560,12608,12576,12528,12512,12528,12592
76,12624,12544,12544,12624,12592,12560,12560,12576,12576,12640,12560,12512,12560,12576,12560,12512,12480,12560
77,12656,12576,12544,12544,12560,12592,12608,12544,12528,12608,12608,12560,12528,12544,12560,12624,12496,12496
78,12624,12592,12576,12544,12496,12560,12656,12560,12496,12576,12576,12608,12608,12512,12544,12576,12576,12544
79,12608,12544,12560,12608,12576,12528,12592,12576,12592,12656,12576,12528,12592,12576,12576,12576,12496,12512
80,12592,12608,12592,12608,12512,12512,12592,12608,12576,12592,12528,12544,12608,12560,12496,12512,12512,12576
81,12624,12528,12496,12624,12576,12544,12576,12576,12576,12640,12544,12480,12592,12592,12544,12544,12480,12560
82,12656,12560,12528,12560,12544,12576,12624,12544,12528,12608,12624,12544,12512,12560,12544,12592,12512,12464
83,12608,12592,12560,12560,12480,12560,12624,12592,12528,12576,12560,12576,12512,12496,12544,12608,12576,12544
84,12576,12528,12576,12624,12560,12528,12544,12592,12576,12640,12576,12528,12560,12592,12576,12576,12496,12496
85,12624,12592,12608,12592,12528,12544,12624,12624,12560,12576,12528,12560,12608,12576,12496,12528,12528,12576
86,12624,12528,12544,12608,12576,12544,12528,12576,12560,12624,12528,12512,12608,12576,12560,12544,12448,12528
87,12640,12560,12528,12560,12560,12576,12608,12512,12528,12624,12608,12544,12560,12576,12544,12592,12480,12512
88,12592,12592,12560,12560,12496,12544,12656,12576,12512,12560,12592,12592,12576,12496,12528,12592,12544,12528
89,12560,12560,12592,12608,12480,12512,12640,12608,12544,12560,12544,12576,12592,12544,12496,12560,12544,12560
90,12576,12496,12560,12624,12544,12528,12512,12592,12592,12608,12544,12496,12624,12576,12576,12576,12480,12528
91,12672,12608,12576,12576,12496,12560,12672,12624,12544,12560,12576,12592,12624,12576,12496,12544,12512,12576
92,12656,12544,12528,12592,12560,12592,12592,12560,12528,12624,12640,12592,12560,12528,12544,12592,12560,12560
93,12624,12544,12576,12640,12560,12512,12608,12608,12592,12640,12576,12528,12576,12576,12576,12576,12496,12496
94,12640,12608,12592,12576,12512,12576,12656,12640,12544,12560,12560,12576,12640,12576,12528,12528,12528,12576
95,12656,12576,12544,12560,12560,12592,12656,12576,12512,12608,12624,12608,12608,12544,12512,12592,12576,12560
96,12608,12528,12576,12640,12576,12544,12624,12592,12576,12640,12592,12544,12560,12592,12576,12608,12496,12528
97,12592,12608,12608,12608,12528,12512,12592,12608,12576,12576,12528,12560,12640,12608,12544,12544,12528,12560
98,12640,12544,12528,12592,12576,12592,12592,12528,12560,12640,12560,12512,12560,12576,12576,12560,12480,12528
99,12624,12592,12544,12576,12560,12592,12656,12560,12496,12576,12624,12544,12528,12496,12576,12608,12528,12480
100,12656,12592,12560,12544,12512,12576,12704,12592,12512,12576,12592,12608,12608,12512,12528,12608,12576,12512
101,12624,12592,12592,12608,12528,12528,12656,12640,12608,12608,12544,12528,12656,12624,12576,12560,12496,12544
102,12688,12592,12544,12560,12560,12592,12720,12608,12528,12576,12608,12592,12640,12544,12512,12592,12576,12560
103,12608,12576,12592,12592,12512,12528,12656,12640,12560,12560,12560,12592,12656,12576,12496,12576,12576,12576
104,12608,12560,12576,12640,12544,12512,12656,12624,12576,12560,12528,12544,12672,12576,12496,12528,12528,12608
105,12640,12496,12560,12608,12544,12512,12624,12624,12608,12592,12544,12544,12672,12608,12544,12528,12528,12576
106,12704,12576,12544,12576,12576,12592,12688,12560,12512,12592,12608,12592,12640,12544,12544,12592,12592,12560
107,12624,12576,12592,12624,12560,12528,12624,12608,12592,12608,12544,12512,12640,12608,12560,12528,12496,12560
108,12688,12528,12496,12576,12576,12544,12608,12576,12576,12624,12560,12512,12608,12592,12592,12544,12480,12544
109,12688,12560,12512,12560,12576,12592,12640,12560,12560,12624,12592,12528,12576,12576,12576,12576,12512,12496
110,12688,12608,12528,12560,12544,12592,12656,12560,12512,12608,12624,12560,12608,12560,12576,12608,12544,12528
111,12656,12608,12608,12592,12528,12512,12656,12640,12576,12576,12528,12560,12672,12624,12544,12544,12512,12576
112,12720,12576,12544,12576,12576,12592,12672,12576,12528,12576,12608,12608,12640,12528,12528,12592,12576,12560
113,12640,12560,12592,12624,12544,12528,12624,12592,12592,12624,12560,12528,12640,12608,12592,12576,12512,12512
114,12656,12624,12576,12560,12544,12560,12688,12576,12528,12592,12592,12592,12576,12512,12544,12592,12528,12528
115,12640,12576,12592,12576,12480,12544,12656,12592,12496,12544,12528,12608,12544,12512,12496,12592,12528,12560
116,12624,12560,12592,12640,12560,12544,12608,12608,12608,12640,12576,12528,12624,12592,12592,12576,12512,12512
117,12688,12608,12560,12560,12512,12560,12688,12624,12528,12544,12560,12576,12640,12544,12480,12576,12560,12544
118,12592,12576,12576,12608,12512,12480,12656,12640,12560,12560,12528,12576,12688,12560,12464,12528,12544,12576
119,12592,12528,12560,12624,12560,12544,12592,12576,12576,12640,12576,12528,12592,12592,12592,12576,12512,12512
120,12672,12608,12576,12576,12512,12560,12688,12640,12544,12560,12560,12576,12672,12592,12528,12512,12544,12576
121,12640,12528,12560,12624,12560,12512,12592,12624,12592,12592,12544,12544,12656,12624,12544,12512,12528,12576
122,12656,12544,12528,12608,12592,12544,12608,12592,12592,12640,12560,12512,12608,12592,12560,12512,12480,12544
123,12720,12560,12512,12576,12576,12560,12592,12544,12576,12624,12576,12512,12560,12576,12576,12560,12480,12528
124,12688,12576,12544,12544,12560,12576,12624,12560,12528,12608,12624,12560,12560,12560,12576,12608,12512,12512
125,12672,12608,12528,12544,12544,12576,12672,12592,12512,12576,12592,12592,12576,12528,12544,12592,12528,12496
126,12624,12576,12592,12576,12496,12544,12656,12592,12512,12560,12576,12608,12592,12528,12512,12592,12560,12528
127,12576,12560,12576,12576,12496,12528,12640,12624,12544,12560,12560,12592,12624,12544,12496,12544,12560,12560
128,12608,12544,12576,12624,12528,12512,12608,12608,12560,12560,12528,12560,12624,12576,12512,12528,12544,12592
129,12624,12528,12560,12608,12560,12528,12528,12592,12592,12576,12528,12528,12592,12608,12528,12528,12528,12576
130,12608,12544,12528,12608,12592,12544,12528,12560,12576,12640,12608,12544,12512,12576,12576,12624,12544,12496
131,12624,12592,12608,12592,12512,12528,12512,12640,12560,12592,12544,12576,12448,12592,12544,12544,12528,12544
132,12672,12560,12528,12592,12576,12592,12512,12576,12528,12592,12608,12592,12464,12544,12544,12592,12592,12560
133,12592,12560,12592,12640,12560,12528,12400,12592,12592,12608,12544,12528,12416,12592,12560,12544,12480,12544
134,12624,12576,12512,12576,12576,12576,12288,12544,12544,12608,12576,12528,12256,12576,12576,12560,12496,12512
135,12608,12592,12544,12528,12544,12576,12192,12544,12512,12608,12608,12560,12176,12544,12560,12592,12512,12496
136,12592,12608,12544,12560,12512,12592,11952,12576,12512,12576,12592,12592,11936,12528,12544,12592,12560,12512
137,12480,12592,12576,12576,12496,12544,11536,12592,12528,12544,12576,12608,11616,12544,12496,12592,12576,12560
138,12336,12560,12576,12592,12512,12528,11504,12624,12544,12560,12560,12608,11568,12560,12512,12560,12576,12576
139,12288,12544,12576,12624,12544,12528,11472,12624,12592,12576,12528,12560,11536,12576,12512,12528,12528,12592
140,12272,12528,12560,12608,12576,12528,11424,12576,12592,12592,12544,12528,11504,12608,12544,12512,12528,12576
141,12192,12528,12496,12592,12592,12560,11360,12544,12576,12640,12576,12528,11456,12592,12576,12544,12496,12544
142,12064,12576,12512,12576,12560,12592,11264,12528,12544,12608,12576,12528,11376,12576,12560,12560,12480,12512
143,11776,12592,12544,12544,12544,12576,11168,12576,12528,12576,12592,12592,11312,12544,12512,12560,12560,12608
144,11600,12512,12560,12608,12592,12560,11072,12544,12576,12640,12592,12544,11232,12560,12576,12592,12512,12496
145,11552,12608,12560,12560,12544,12576,10960,12528,12512,12592,12592,12576,11136,12512,12544,12608,12544,12512
146,11504,12592,12592,12576,12496,12560,10800,12544,12528,12544,12592,12608,11008,12528,12512,12592,12576,12528
147,11408,12560,12576,12592,12496,12528,10688,12496,12528,12560,12528,12576,10928,12512,12496,12576,12560,12544
148,11312,12528,12576,12624,12560,12528,10560,12496,12592,12640,12560,12528,10816,12576,12592,12576,12512,12512
149,11200,12608,12560,12560,12512,12560,10368,12480,12544,12560,12576,12608,10656,12560,12512,12544,12544,12592
150,11040,12544,12544,12592,12576,12560,10240,12352,12560,12640,12608,12560,10560,12544,12576,12608,12544,12528
151,10960,12576,12608,12592,12528,12528,10128,12384,12560,12576,12544,12560,10464,12592,12544,12528,12496,12560
152,10848,12544,12544,12560,12576,12592,9952,12208,12512,12576,12608,12592,10320,12480,12528,12592,12576,12560
153,10672,12512,12592,12640,12544,12528,9728,11984,12576,12576,12528,12544,10112,12496,12496,12512,12528,12592
154,10480,12464,12544,12608,12560,12528,9584,11760,12576,12576,12528,12528,10000,12496,12528,12528,12512,12576
155,10320,12432,12512,12576,12576,12544,9424,11584,12560,12640,12576,12528,9856,12448,12560,12544,12480,12544
156,10176,12448,12496,12576,12576,12592,9232,11520,12544,12624,12608,12528,9696,12432,12560,12560,12496,12496
157,9984,12496,12528,12528,12544,12576,8992,11472,12496,12576,12592,12560,9472,12416,12544,12608,12544,12512
158,9744,12464,12544,12560,12512,12576,8800,11408,12496,12592,12592,12608,9312,12416,12544,12592,12560,12528
159,9552,12432,12592,12576,12512,12544,8608,11360,12512,12544,12576,12592,9120,12416,12480,12576,12560,12544
160,9328,12288,12592,12608,12528,12512,8320,11248,12544,12544,12544,12576,8880,12352,12496,12528,12544,12592
161,9072,12064,12576,12624,12528,12512,8112,11152,12560,12592,12528,12560,8704,12272,12512,12512,12528,12592
162,8864,11888,12528,12592,12592,12544,7952,11088,12576,12624,12528,12512,8560,12144,12528,12512,12464,12576
163,8704,11680,12496,12592,12544,12576,7840,11008,12512,12640,12528,12528,8448,12016,12560,12528,12448,12560
164,8560,11584,12512,12560,12560,12608,7600,10880,12528,12624,12592,12528,8240,11728,12576,12576,12496,12480
165,8320,11520,12528,12544,12544,12576,7216,10640,12448,12576,12592,12576,7872,11520,12560,12608,12544,12512
166,7904,11376,12544,12560,12496,12560,7024,10512,12464,12560,12576,12592,7728,11472,12528,12592,12576,12544
167,7712,11312,12608,12592,12512,12528,6912,10432,12496,12544,12560,12608,7600,11440,12464,12560,12544,12544
168,7584,11232,12576,12624,12528,12496,6736,10336,12480,12544,12512,12576,7440,11376,12496,12544,12560,12592
169,7408,11136,12528,12592,12592,12560,6560,10192,12496,12624,12576,12544,7264,11296,12560,12592,12528,12528
170,7216,11024,12576,12576,12512,12544,6384,10048,12448,12560,12528,12560,7088,11216,12512,12528,12528,12576
171,7008,10880,12512,12576,12576,12608,6160,9856,12368,12608,12608,12592,6880,11056,12528,12592,12592,12560
172,6768,10704,12576,12624,12544,12512,5984,9728,12368,12576,12528,12576,6720,10960,12464,12496,12512,12576
173,6592,10560,12528,12608,12576,12544,5792,9536,12240,12576,12528,12528,6528,10816,12480,12512,12496,12576
174,6352,10368,12464,12576,12592,12544,5536,9264,11968,12656,12640,12656,6272,10608,12528,12592,12576,12624
175,6048,10128,12576,12608,12560,12608,5408,9088,12128,12656,12608,12592,6080,10416,12528,12640,12592,12624
176,5824,9888,12560,12656,12624,12624,5200,8832,11776,12656,12640,12640,5920,10224,12448,12592,12560,12624
177,5632,9696,12544,12624,12576,12592,5088,8704,11664,12656,12624,12608,5824,10144,12448,12640,12592,12624
178,5536,9600,12512,12656,12624,12640,4976,8592,11472,12640,12640,12656,5728,10032,12400,12608,12544,12608
179,5424,9456,12512,12640,12576,12592,4896,8448,11392,12656,12624,12592,5632,9920,12432,12640,12592,12624
180,5312,9280,12512,12656,12624,12640,4768,8240,11312,12624,12624,12640,5472,9696,12416,12608,12544,12624
181,5120,9040,12544,12640,12592,12576,4624,8000,11216,12656,12624,12608,5360,9488,12416,12640,12608,12624
182,4976,8800,12528,12640,12624,12656,4528,7792,11136,12608,12640,12656,5248,9344,12416,12592,12544,12608
183,4864,8608,12560,12640,12576,12592,4432,7648,11056,12672,12640,12608,5152,9184,12400,12640,12608,12640
184,4752,8416,12512,12624,12608,12656,4336,7456,10944,12608,12624,12640,5056,8992,12384,12560,12544,12576
185,4640,8192,12544,12640,12592,12592,4240,7152,10768,12656,12640,12624,4912,8656,12240,12624,12608,12656
186,4448,7824,12400,12624,12608,12640,4128,6880,10608,12592,12608,12624,4848,8464,12112,12592,12560,12592
187,4352,7616,12400,12640,12592,12592,4080,6752,10512,12656,12656,12624,4784,8336,11920,12608,12608,12640
188,4304,7456,12240,12608,12592,12640,4032,6560,10368,12608,12592,12640,4752,8128,11680,12608,12544,12592
189,4224,7216,12032,12624,12576,12592,3968,6320,10208,12656,12656,12624,4688,7888,11424,12608,12592,12656
190,4144,6976,11632,12608,12592,12640,3920,6144,10048,12592,12592,12624,4656,7728,11360,12592,12560,12608
191,4080,6784,11440,12608,12528,12528,3904,5968,9920,12560,12544,12560,4624,7552,11280,12496,12480,12576
192,4032,6592,11344,12512,12544,12608,3872,5776,9728,12544,12608,12624,4592,7328,11152,12528,12560,12576
193,3984,6368,11200,12608,12544,12544,3872,5584,9536,12576,12560,12560,4560,7120,11008,12512,12496,12512
194,3936,6144,11056,12544,12512,12576,3856,5440,9376,12496,12560,12608,4544,6960,10896,12448,12528,12608
195,3920,5984,10912,12592,12576,12592,3856,5312,9232,12544,12608,12592,4544,6800,10768,12496,12528,12528
196,3904,5824,10768,12560,12512,12528,3872,5168,9056,12448,12512,12592,4544,6656,10624,12352,12528,12608
197,3888,5664,10624,12576,12544,12544,3888,5040,8864,12416,12512,12560,4560,6480,10464,12304,12528,12608
198,3872,5488,10432,12560,12592,12608,3920,4864,8624,12368,12608,12608,4576,6272,10272,12304,12544,12560
199,3872,5296,10224,12544,12528,12544,3952,4736,8432,12208,12528,12592,4592,6128,10096,12064,12464,12592
200,3888,5152,10016,12496,12576,12576,4000,4640,8256,12032,12544,12576,4640,6016,9952,11904,12464,12592
201,3904,5024,9808,12416,12544,12608,4048,4496,7984,11664,12592,12592,4672,5824,9696,11616,12480,12528
202,3936,4848,9536,12352,12512,12624,4128,4384,7728,11504,12576,12624,4720,5664,9472,11504,12512,12560
203,3968,4720,9280,12320,12512,12608,4208,4304,7520,11472,12576,12656,4784,5552,9280,11472,12544,12576
204,4048,4608,9056,12320,12496,12576,4272,4224,7344,11408,12544,12640,4832,5440,9088,11424,12560,12608
205,4080,4512,8848,12224,12496,12544,4368,4144,7136,11344,12496,12640,4912,5344,8896,11360,12544,12640
206,4144,4416,8624,12032,12528,12576,4464,4096,6928,11264,12512,12624,4976,5248,8704,11280,12480,12656
207,4208,4336,8416,11792,12576,12576,4544,4048,6752,11184,12496,12592,5056,5184,8528,11200,12448,12640
208,4272,4256,8176,11552,12560,12608,4688,4000,6528,11040,12544,12608,5168,5072,8288,11072,12432,12624
209,4400,4192,7904,11472,12560,12672,4864,3952,6240,10880,12560,12640,5328,4976,7984,10912,12432,12592
210,4528,4112,7584,11360,12544,12656,5024,3920,6000,10720,12544,12688,5456,4896,7744,10768,12416,12608
211,4656,4064,7328,11248,12448,12656,5120,3904,5872,10624,12496,12720,5536,4864,7600,10672,12400,12624
212,4752,4032,7152,11152,12480,12640,5248,3904,5712,10480,12480,12720,5648,4832,7424,10560,12400,12688
213,4864,3984,6976,11024,12560,12688,5376,3904,5552,10368,12528,12704,5744,4784,7264,10432,12368,12656
214,4976,3968,6784,10896,12480,12656,5472,3888,5456,10272,12432,12752,5840,4784,7152,10352,12320,12688
215,5072,3968,6656,10800,12480,12640,5600,3904,5328,10176,12384,12736,5936,4768,7024,10240,12272,12720
216,5168,3952,6496,10656,12512,12656,5776,3920,5168,10000,12304,12768,6096,4736,6816,10080,12128,12752
217,5344,3936,6256,10432,12528,12704,6032,3952,4944,9776,12176,12768,6304,4720,6560,9872,11872,12768
218,5568,3936,5984,10224,12512,12752,6208,3984,4816,9600,12080,12800,6464,4704,6400,9712,11680,12768
219,5744,3952,5824,10048,12480,12784,6384,4032,4688,9440,11904,12848,6608,4688,6240,9536,11520,12784
220,5904,3968,5632,9840,12432,12832,6592,4080,4560,9232,11728,12928,6800,4704,6064,9344,11472,12800
221,6112,3984,5440,9616,12384,12848,6800,4144,4416,9056,11552,12960,6992,4704,5888,9152,11424,12880
222,6320,4032,5264,9408,12336,12896,6992,4208,4320,8880,11504,13072,7168,4736,5760,8976,11392,12928
223,6512,4064,5136,9216,12336,12928,7184,4272,4240,8704,11456,13152,7328,4752,5632,8816,11344,13008
224,6688,4112,4976,8992,12304,12976,7424,4368,4112,8480,11392,13232,7568,4800,5472,8592,11248,13120
225,6928,4176,4816,8720,12272,13088,7648,4464,4032,8272,11312,13360,7760,4848,5344,8384,11168,13184
226,7152,4256,4672,8496,12208,13216,7856,4560,3952,8080,11232,13504,7968,4896,5232,8176,11072,13328
227,7376,4336,4560,8288,12080,13328,8000,4624,3920,7936,11184,13648,8112,4928,5152,8048,11008,13424
228,7504,4384,4480,8128,11904,13488,8160,4720,3872,7776,11088,13856,8272,4976,5072,7888,10928,13536
229,7696,4464,4384,7872,11584,13792,8432,4880,3792,7504,10928,14272,8544,5072,4944,7600,10768,13840
230,7952,4592,4240,7584,11504,14160,8672,5024,3744,7280,10784,14704,8784,5168,4832,7360,10624,14256
231,8208,4720,4144,7328,11408,14528,8864,5168,3696,7088,10656,15152,8992,5248,4768,7152,10496,14608
232,8416,4848,4064,7088,11328,14992,9056,5312,3680,6912,10528,15552,9168,5344,4704,6960,10368,15056
233,8592,4976,3984,6848,11216,15504,9264,5472,3664,6720,10384,15984,9360,5456,4624,6768,10224,15568
234,8800,5136,3920,6624,11072,15984,9472,5664,3664,6496,10208,16304,9600,5600,4576,6528,10048,16048
235,9024,5296,3856,6448,10992,16096,9536,5728,3648,6432,10160,16352,9648,5632,4560,6464,10000,16144
236,9088,5344,3840,6384,10960,16192,9600,5792,3664,6384,10112,16416,9712,5664,4544,6416,9952,16224
237,9152,5408,3824,6256,10848,16384,9744,5920,3664,6240,9984,16560,9856,5776,4512,6256,9824,16416
238,9312,5552,3792,6064,10672,16560,9936,6160,3680,6016,9792,16736,10096,5952,4464,6016,9616,16640
239,9536,5760,3744,5824,10480,16704,10128,6352,3696,5856,9584,16864,10288,6112,4448,5824,9424,16768
240,9728,5968,3728,5616,10288,16832,10304,6560,3744,5680,9408,16960,10480,6272,4432,5648,9248,16896
241,9904,6192,3696,5376,10048,16976,10496,6848,3792,5488,9168,17088,10688,6480,4416,5440,8992,17040
242,10128,6448,3696,5152,9808,17104,10672,7072,3856,5328,8928,17200,10864,6688,4432,5264,8784,17168
243,10304,6688,3696,5008,9632,17184,10816,7280,3920,5200,8752,17296,11008,6848,4432,5136,8608,17264
244,10432,6880,3712,4880,9488,17264,10880,7392,3952,5152,8656,17344,11072,6944,4448,5056,8512,17312
245,10512,6976,3712,4784,9360,17328,10944,7520,3984,5056,8528,17392,11152,7040,4448,4992,8400,17344
246,10592,7104,3728,4704,9232,17392,11024,7648,4048,4992,8416,17456,11232,7168,4464,4896,8256,17440
247,10672,7264,3744,4608,9072,17472,11136,7840,4128,4896,8224,17552,11328,7344,4496,4800,8080,17520
248,10784,7456,3792,4480,8848,17616,11248,8064,4224,4784,8000,17664,11440,7568,4544,4688,7856,17648
249,10912,7696,3840,4336,8592,17744,11344,8304,4336,4688,7776,17776,11504,7760,4608,4576,7648,17760
250,11040,7920,3904,4240,8400,17840,11408,8464,4432,4608,7616,17872,11568,7920,4656,4512,7488,17872
251,11120,8096,3936,4160,8272,17888,11440,8592,4480,4576,7488,17936,11600,8032,4688,4464,7376,17936
252,11184,8224,3984,4112,8144,17984,11472,8704,4576,4528,7360,18016,11728,8160,4720,4416,7248,18016
253,11232,8384,4048,4048,7952,18128,11504,8928,4688,4448,7152,18128,11952,8368,4800,4336,7056,18144
254,11328,8576,4128,3968,7760,18224,11568,9088,4800,4416,6992,18224,12048,8512,4864,4304,6896,18240
255,11392,8736,4176,3904,7616,18304,11680,9200,4896,4384,6880,18288,12160,8624,4928,4256,6784,18320
256,11424,8880,4256,3856,7456,18432,11872,9328,5008,4336,6720,18384,12272,8768,4992,4208,6624,18416
257,11472,9024,4336,3808,7248,18576,12096,9536,5152,4304,6512,18528,12416,8976,5104,4176,6432,18560
258,11536,9216,4448,3744,7072,18704,12192,9696,5296,4256,6336,18640,12496,9136,5200,4144,6272,18688
259,11552,9376,4544,3728,6912,18848,12288,9840,5424,4240,6176,18752,12480,9296,5280,4112,6128,18816
260,11584,9552,4672,3680,6736,18960,12304,9984,5568,4224,6032,18864,12544,9440,5392,4096,5984,18944
261,11744,9696,4784,3632,6544,19152,12416,10160,5760,4208,5824,19024,12544,9632,5536,4080,5808,19136
262,11984,9904,4944,3616,6336,19328,12480,10320,5936,4208,5664,19168,12544,9808,5648,4080,5648,19312
263,12176,10048,5072,3600,6240,19456,12528,10432,6064,4192,5552,19264,12528,9920,5744,4064,5536,19408
264,12272,10176,5184,3584,6064,19632,12624,10608,6288,4208,5360,19456,12576,10112,5920,4080,5360,19632
265,12368,10368,5408,3568,5776,19968,12656,10864,6672,4224,5072,19760,12624,10400,6208,4112,5120,19968
266,12448,10640,5744,3584,5552,20240,12656,11040,6912,4272,4880,19984,12672,10592,6416,4144,4976,20224
267,12512,10816,5952,3600,5392,20480,12624,11152,7136,4304,4736,20176,12688,10752,6608,4176,4848,20448
268,12544,10976,6176,3632,5232,20720,12624,11296,7408,4368,4576,20400,12672,10912,6832,4240,4704,20704
269,12608,11120,6432,3680,5088,20976,12592,11360,7600,4416,4464,20576,12640,11040,7008,4288,4608,20912
270,12640,11232,6624,3728,4976,21200,12608,11440,7856,4480,4320,20784,12608,11184,7232,4352,4512,21168
271,12656,11328,6864,3792,4864,21440,12640,11504,8064,4576,4224,21008,12592,11296,7440,4432,4432,21376
272,12656,11424,7120,3872,4736,21760,12672,11584,8464,4720,4064,21376,12608,11440,7808,4592,4304,21824
273,12656,11536,7552,4048,4560,22272,12720,11984,8912,4928,3904,21776,12640,11552,8192,4784,4208,22288
274,12608,11728,7968,4240,4464,22592,12672,12272,9152,5072,3808,22032,12624,11808,8464,4944,4144,22560
275,12592,12016,8224,4368,4384,22848,12656,12416,9360,5200,3744,22256,12624,12096,8672,5056,4112,22816
276,12608,12160,8464,4512,4336,23056,12640,12480,9568,5328,3712,22464,12672,12304,8864,5200,4096,23040
277,12640,12304,8688,4656,4288,23264,12608,12496,9760,5456,3664,22624,12656,12416,9056,5328,4080,23264
278,12640,12384,8880,4800,4272,23456,12608,12496,9904,5584,3648,22816,12640,12464,9232,5456,4080,23440
279,12688,12432,9040,4928,4240,23632,12608,12512,10080,5728,3616,23008,12576,12480,9408,5600,4064,23648
280,12704,12512,9232,5088,4208,23872,12656,12512,10272,5920,3616,23232,12608,12496,9616,5792,4080,23888
281,12688,12544,9472,5328,4208,24128,12720,12560,10512,6176,3600,23504,12640,12496,9856,6048,4112,24160
282,12656,12544,9712,5584,4208,24320,12688,12592,10672,6352,3616,23680,12672,12512,10032,6240,4144,24352
283,12624,12544,9888,5760,4224,24432,12704,12624,10800,6496,3632,23808,12688,12544,10160,6384,4176,24496
284,12624,12528,10016,5888,4240,24560,12656,12624,10896,6608,3648,23920,12688,12544,10272,6512,4192,24624
285,12640,12512,10144,6080,4256,24720,12608,12608,11040,6816,3648,24096,12688,12624,10448,6720,4256,24784
286,12656,12528,10288,6288,4272,24848,12608,12576,11136,6976,3696,24240,12656,12592,10560,6896,4304,24896
287,12704,12528,10400,6448,4304,24976,12640,12528,11232,7152,3744,24352,12592,12576,10688,7072,4352,25024
288,12688,12560,10544,6656,4352,25072,12688,12544,11328,7328,3792,24496,12608,12544,10816,7280,4416,25168
289,12688,12608,10688,6912,4432,25216,12704,12560,11408,7616,3856,24672,12624,12528,11008,7568,4528,25328
290,12640,12592,10864,7216,4512,25360,12688,12592,11504,7888,3952,24848,12624,12528,11152,7856,4640,25472
291,12608,12544,11024,7472,4592,25440,12688,12608,11616,8016,4016,24928,12592,12528,11248,8016,4720,25568
292,12608,12560,11088,7632,4656,25504,12672,12624,11808,8208,4096,25040,12688,12576,11312,8208,4816,25632
293,12624,12512,11184,7856,4752,25600,12608,12608,12000,8400,4192,25104,12688,12576,11392,8432,4944,25728
294,12576,12544,11280,8096,4864,25664,12688,12624,12064,8592,4304,25216,12688,12528,11440,8640,5056,25808
295,12656,12560,11344,8224,4912,25696,12672,12592,12160,8704,4368,25280,12656,12544,11472,8768,5136,25856
296,12656,12544,11392,8384,5008,25728,12672,12576,12240,8864,4464,25344,12656,12560,11552,8960,5248,25904
297,12640,12576,11440,8624,5152,25792,12688,12640,12288,9088,4608,25424,12688,12560,11760,9184,5408,25952
298,12624,12544,11488,8848,5296,25824,12672,12640,12368,9280,4768,25488,12704,12576,12000,9408,5568,26000
299,12640,12512,11552,9040,5424,25840,12640,12608,12448,9408,4848,25536,12688,12592,12128,9536,5696,26048
300,12656,12528,11680,9168,5520,25856,12608,12592,12464,9536,4960,25552,12688,12608,12272,9680,5808,26048
301,12672,12528,11824,9328,5664,25872,12624,12576,12496,9728,5120,25616,12656,12608,12400,9888,5984,26064
302,12704,12560,12048,9536,5840,25888,12656,12560,12496,9888,5296,25648,12592,12576,12448,10080,6176,26080
303,12688,12592,12176,9712,6000,25888,12672,12560,12480,10064,5488,25680,12608,12560,12480,10272,6368,26096
304,12688,12608,12320,9904,6224,25872,12720,12592,12496,10208,5648,25696,12624,12528,12480,10432,6560,26064
305,12672,12608,12400,10096,6432,25856,12704,12592,12496,10384,5872,25728,12656,12528,12480,10624,6768,26080
306,12592,12576,12480,10256,6608,25824,12672,12624,12528,10512,6016,25696,12672,12528,12448,10752,6944,26048
307,12624,12544,12480,10368,6768,25792,12656,12624,12544,10640,6192,25712,12592,12528,12480,10896,7136,26016
308,12640,12512,12480,10512,6976,25744,12624,12624,12576,10800,6432,25680,12672,12624,12496,11072,7392,25968
309,12672,12528,12480,10704,7264,25648,12624,12592,12576,10944,6688,25648,12656,12608,12512,11232,7664,25904
310,12672,12560,12480,10848,7472,25616,12624,12576,12560,11040,6848,25632,12656,12592,12560,11312,7824,25856
311,12704,12560,12480,10928,7600,25552,12640,12560,12544,11104,6976,25600,12576,12560,12576,11360,7936,25824
312,12688,12576,12496,11008,7776,25488,12672,12560,12528,11216,7184,25520,12608,12560,12576,11440,8176,25728
313,12688,12608,12512,11152,8064,25360,12736,12576,12512,11312,7440,25488,12640,12528,12512,11520,8464,25616
314,12672,12592,12560,11264,8288,25248,12720,12608,12528,11376,7664,25424,12656,12528,12512,11664,8656,25520
315,12608,12560,12560,11328,8448,25168,12704,12640,12544,11424,7808,25360,12704,12560,12496,11808,8832,25456
316,12624,12544,12560,11408,8624,25056,12656,12624,12576,11472,8016,25280,12704,12592,12496,11984,9024,25344
317,12624,12528,12544,11472,8864,24912,12640,12624,12592,11520,8240,25184,12704,12624,12528,12112,9248,25200
318,12656,12544,12512,11520,9088,24736,12624,12608,12576,11776,8480,25056,12672,12608,12560,12256,9488,25040
319,12704,12560,12512,11568,9280,24624,12640,12544,12544,11952,8656,24976,12608,12592,12560,12336,9632,24896
320,12704,12560,12512,11664,9456,24432,12672,12560,12528,12192,8848,24848,12624,12576,12576,12464,9856,24736
321,12704,12608,12528,11936,9696,24224,12688,12592,12512,12320,9104,24688,12624,12544,12560,12528,10080,24528
322,12640,12592,12560,12144,9888,24048,12688,12608,12528,12368,9248,24576,12640,12512,12528,12544,10240,24384
323,12624,12576,12592,12256,10016,23920,12704,12608,12512,12384,9392,24464,12592,12512,12464,12512,10352,24240
324,12608,12576,12576,12368,10144,23776,12672,12640,12544,12432,9520,24368,12688,12560,12496,12528,10480,24096
325,12624,12528,12576,12464,10304,23552,12656,12640,12576,12496,9728,24192,12688,12592,12512,12496,10672,23872
326,12624,12528,12544,12496,10496,23296,12624,12624,12592,12528,9952,23968,12672,12624,12512,12496,10896,23568
327,12656,12544,12544,12544,10672,23072,12608,12592,12592,12576,10096,23840,12640,12608,12544,12528,11008,23408
328,12688,12544,12496,12528,10784,22896,12640,12560,12560,12592,10208,23680,12624,12608,12576,12528,11120,23216
329,12704,12576,12496,12512,10944,22624,12672,12560,12544,12576,10416,23440,12608,12576,12560,12560,11264,22928
330,12704,12608,12528,12496,11088,22368,12704,12560,12496,12560,10576,23232,12624,12528,12544,12592,11376,22656
331,12672,12592,12544,12528,11216,22144,12704,12592,12528,12544,10720,23040,12640,12544,12544,12592,11440,22432
332,12656,12592,12576,12544,11296,21952,12688,12624,12528,12528,10816,22912,12672,12528,12496,12576,11488,22240
333,12608,12544,12576,12560,11360,21744,12688,12656,12544,12544,10928,22704,12720,12560,12496,12560,11568,22016
334,12624,12528,12576,12592,11424,21504,12656,12640,12592,12544,11056,22496,12688,12592,12512,12496,11792,21776
335,12640,12544,12544,12592,11488,21328,12608,12592,12576,12576,11136,22352,12672,12624,12528,12512,11920,21600
336,12672,12528,12528,12592,11520,21120,12624,12576,12576,12624,11232,22176,12656,12608,12560,12528,12032,21360
337,12720,12544,12496,12560,11680,20864,12640,12544,12544,12592,11328,21952,12624,12592,12576,12560,12144,21104
338,12672,12576,12512,12544,11936,20624,12656,12560,12528,12624,11408,21728,12592,12560,12576,12608,12256,20864
339,12688,12608,12560,12544,12032,20512,12688,12560,12496,12576,11456,21616,12592,12480,12528,12624,12272,20736
340,12672,12608,12560,12544,12096,20336,12704,12608,12528,12560,11488,21440,12640,12544,12528,12576,12368,20512
341,12624,12576,12592,12576,12208,20080,12688,12656,12544,12544,11584,21200,12688,12544,12496,12544,12368,20240
342,12592,12576,12576,12592,12320,19888,12672,12640,12560,12544,11744,21040,12704,12560,12496,12528,12416,20064
343,12608,12528,12560,12624,12384,19728,12640,12624,12592,12576,11936,20864,12672,12592,12496,12512,12416,19888
344,12656,12528,12544,12608,12464,19552,12608,12592,12576,12608,12128,20688,12656,12592,12528,12512,12432,19696
345,12688,12544,12512,12576,12528,19344,12640,12560,12560,12624,12304,20496,12640,12608,12592,12544,12448,19472
346,12704,12560,12512,12560,12512,19184,12672,12560,12560,12608,12416,20336,12608,12576,12560,12560,12464,19296
347,12688,12608,12528,12544,12496,19088,12688,12576,12528,12592,12464,20224,12624,12576,12576,12592,12496,19200
348,12688,12608,12560,12544,12480,18944,12720,12592,12512,12576,12480,20064,12624,12528,12544,12592,12528,19024
349,12656,12592,12576,12544,12464,18768,12704,12624,12528,12544,12496,19888,12656,12544,12512,12592,12576,18848
350,12608,12576,12576,12576,12480,18608,12688,12624,12560,12544,12480,19728,12720,12576,12512,12544,12560,18672
351,12624,12544,12560,12608,12528,18480,12640,12624,12576,12576,12464,19600,12688,12592,12512,12512,12496,18528
352,12656,12544,12544,12608,12544,18368,12608,12608,12592,12592,12496,19488,12672,12640,12528,12528,12496,18448
353,12656,12528,12528,12592,12576,18208,12624,12608,12576,12624,12512,19280,12656,12592,12544,12528,12480,18240
354,12688,12560,12512,12592,12576,18064,12608,12560,12560,12640,12544,19136,12608,12592,12592,12560,12480,18096
355,12688,12560,12528,12560,12544,17952,12624,12560,12560,12624,12576,19024,12496,12560,12576,12592,12480,17968
356,12704,12624,12528,12544,12528,17840,12672,12576,12496,12592,12576,18896,12608,12528,12576,12608,12512,17840
357,12672,12592,12560,12560,12496,17728,12720,12608,12528,12576,12576,18752,12624,12544,12544,12592,12544,17712
358,12608,12592,12592,12576,12496,17632,12720,12608,12512,12544,12576,18656,12640,12544,12512,12592,12560,17616
359,12592,12592,12592,12576,12512,17584,12656,12640,12544,12560,12544,18592,12672,12544,12480,12576,12544,17552
360,12624,12576,12576,12608,12528,17472,12672,12624,12560,12560,12528,18480,12704,12592,12512,12528,12560,17456
361,12640,12528,12560,12624,12528,17344,12640,12608,12608,12576,12512,18336,12704,12624,12512,12512,12528,17296
362,12672,12528,12544,12608,12576,17200,12608,12592,12592,12592,12528,18160,12672,12624,12544,12528,12480,17136
363,12704,12544,12512,12576,12576,17104,12640,12560,12560,12624,12560,18080,12624,12592,12576,12528,12496,17040
364,12720,12560,12512,12576,12544,17008,12640,12544,12560,12624,12576,18000,12608,12592,12576,12576,12480,16960
365,12688,12592,12512,12544,12544,16960,12656,12560,12528,12592,12592,17936,12608,12592,12560,12560,12480,16864
366,12704,12608,12528,12544,12544,16864,12672,12576,12512,12592,12608,17840,12624,12544,12560,12608,12560,16736
367,12640,12592,12592,12592,12512,16800,12672,12640,12608,12592,12528,17792,12688,12608,12544,12528,12480,16624
368,12720,12576,12528,12528,12544,16720,12688,12560,12496,12592,12608,17712,12608,12544,12576,12592,12528,16496
369,12672,12592,12528,12528,12496,16576,12720,12592,12512,12592,12592,17616,12640,12544,12544,12608,12560,16144
370,12608,12608,12592,12560,12480,16432,12688,12608,12528,12544,12576,17520,12624,12544,12512,12592,12592,15728
371,12592,12544,12592,12592,12496,16240,12672,12624,12544,12560,12544,17456,12656,12528,12512,12592,12544,15296
372,12624,12544,12592,12640,12544,16064,12656,12640,12592,12544,12496,17408,12688,12592,12512,12528,12528,14976
373,12640,12512,12544,12608,12528,15776,12608,12624,12592,12592,12544,17328,12672,12624,12544,12512,12544,14496
374,12624,12544,12544,12592,12576,15536,12608,12592,12592,12624,12528,17280,12656,12608,12528,12528,12496,14224
375,12688,12544,12496,12576,12560,15296,12608,12544,12592,12624,12560,17232,12608,12608,12576,12544,12480,13984
376,12704,12576,12496,12544,12544,14960,12656,12576,12560,12624,12608,17168,12608,12592,12560,12576,12528,13664
377,12704,12608,12560,12544,12544,14448,12704,12592,12512,12592,12592,17088,12608,12544,12560,12624,12528,13424
378,12672,12592,12560,12544,12496,14128,12704,12592,12512,12576,12592,17008,12656,12544,12528,12592,12560,13232
379,12640,12592,12592,12560,12496,13792,12704,12640,12528,12544,12560,16912,12672,12560,12496,12560,12592,13136
380,12608,12576,12576,12576,12496,13584,12688,12640,12544,12544,12544,16864,12704,12576,12512,12560,12560,13072
381,12624,12544,12576,12624,12528,13392,12656,12624,12576,12576,12512,16800,12688,12592,12512,12512,12544,13008
382,12640,12528,12544,12592,12560,13280,12608,12608,12592,12592,12528,16720,12688,12640,12528,12528,12512,12960
383,12656,12528,12528,12592,12592,13200,12640,12576,12576,12640,12560,16640,12640,12608,12560,12544,12480,12864
384,12720,12560,12512,12560,12560,13120,12624,12560,12560,12624,12576,16544,12592,12576,12576,12576,12496,12832
385,12688,12592,12528,12544,12560,13072,12672,12576,12560,12608,12592,16400,12608,12576,12576,12592,12496,12768
386,12672,12624,12544,12544,12544,12992,12688,12576,12512,12592,12608,16256,12608,12544,12544,12608,12544,12752
387,12640,12608,12576,12560,12480,12944,12704,12576,12528,12576,12576,16096,12608,12512,12528,12640,12560,12736
388,12624,12592,12592,12592,12496,12864,12688,12640,12560,12544,12560,15888,12656,12544,12496,12576,12576,12752
389,12608,12560,12576,12608,12528,12800,12656,12624,12576,12560,12528,15584,12688,12576,12496,12544,12544,12768
390,12592,12528,12560,12624,12544,12784,12608,12624,12592,12576,12512,15216,12688,12608,12528,12496,12544,12704
391,12640,12544,12544,12624,12576,12768,12592,12608,12576,12592,12544,14944,12640,12608,12544,12528,12512,12736
392,12704,12560,12512,12592,12576,12768,12640,12576,12576,12640,12576,14688,12624,12608,12592,12560,12496,12688
393,12736,12576,12528,12544,12560,12768,12656,12560,12544,12624,12608,14320,12608,12592,12528,12512,12544,12688
394,12672,12528,12560,12624,12576,12720,12624,12608,12576,12592,12528,14112,12688,12624,12576,12560,12496,12656
395,12720,12592,12544,12544,12544,12736,12720,12608,12544,12576,12592,14048,12672,12560,12512,12560,12576,12672
396,12640,12544,12576,12608,12560,12688,12624,12608,12592,12624,12528,13856,12656,12608,12544,12528,12480,12656
397,12688,12544,12512,12576,12576,12688,12624,12560,12576,12624,12560,13664,12624,12608,12576,12560,12496,12624
398,12704,12576,12528,12544,12544,12720,12656,12576,12560,12640,12608,13472,12608,12592,12592,12592,12512,12592
399,12688,12608,12544,12544,12544,12704,12688,12576,12512,12608,12592,13440,12608,12544,12560,12624,12528,12576
400,12672,12608,12560,12544,12496,12688,12720,12592,12528,12576,12592,13344,12640,12560,12544,12592,12560,12592
401,12640,12576,12592,12560,12496,12624,12704,12608,12528,12528,12576,13216,12656,12544,12512,12592,12576,12592
402,12592,12592,12592,12576,12496,12624,12672,12640,12560,12560,12560,13136,12672,12544,12496,12560,12560,12624
403,12624,12528,12576,12624,12512,12592,12656,12592,12560,12576,12512,13120,12576,12560,12496,12528,12544,12624
404,12656,12544,12576,12608,12560,12608,12608,12624,12608,12592,12528,13040,12688,12624,12544,12528,12512,12640
405,12672,12544,12512,12592,12576,12608,12624,12592,12592,12640,12544,12960,12656,12608,12576,12528,12480,12608
406,12672,12576,12512,12576,12560,12640,12640,12560,12560,12624,12560,12928,12624,12608,12592,12560,12496,12608
407,12688,12560,12544,12528,12560,12656,12640,12560,12544,12608,12608,12896,12576,12560,12576,12592,12496,12544
408,12704,12624,12544,12528,12544,12624,12704,12576,12512,12592,12592,12880,12608,12528,12544,12608,12528,12544
409,12656,12592,12576,12544,12480,12592,12720,12608,12512,12560,12576,12912,12656,12544,12528,12592,12560,12576
410,12624,12592,12592,12576,12496,12576,12688,12640,12544,12544,12560,12848,12688,12544,12480,12544,12576,12592
411,12624,12576,12576,12624,12528,12560,12656,12640,12560,12576,12528,12816,12704,12592,12496,12544,12544,12608
412,12624,12544,12592,12624,12544,12560,12656,12608,12592,12576,12528,12784,12688,12624,12528,12528,12544,12608
413,12672,12528,12544,12608,12560,12560,12608,12608,12576,12592,12544,12736,12656,12608,12544,12544,12496,12592
414,12688,12544,12496,12592,12576,12576,12624,12576,12576,12640,12560,12720,12640,12624,12592,12544,12496,12576
415,12704,12592,12512,12560,12560,12624,12640,12576,12560,12624,12576,12720,12592,12576,12560,12560,12496,12528
416,12704,12608,12528,12528,12544,12608,12688,12560,12496,12592,12608,12752,12624,12560,12576,12624,12528,12544
417,12672,12592,12544,12544,12512,12592,12720,12576,12528,12576,12592,12736,12624,12528,12544,12592,12528,12528
418,12640,12608,12576,12544,12480,12576,12688,12608,12528,12544,12576,12752,12624,12544,12528,12608,12592,12560
419,12608,12576,12608,12592,12496,12560,12688,12656,12560,12560,12560,12736,12656,12544,12480,12592,12560,12624
420,12608,12560,12576,12608,12512,12544,12656,12640,12560,12576,12512,12704,12688,12592,12512,12544,12560,12624
421,12640,12528,12560,12608,12560,12544,12624,12624,12592,12592,12528,12672,12672,12624,12544,12528,12528,12608
422,12640,12544,12528,12608,12592,12576,12608,12592,12576,12608,12544,12608,12640,12608,12544,12528,12496,12592
423,12672,12544,12496,12592,12560,12576,12592,12560,12576,12624,12576,12624,12624,12608,12576,12544,12496,12560
424,12704,12560,12544,12576,12576,12624,12656,12560,12576,12624,12592,12656,12592,12576,12576,12560,12512,12528
425,12688,12576,12528,12544,12560,12608,12672,12576,12528,12624,12608,12640,12624,12576,12560,12608,12512,12512
426,12688,12608,12560,12560,12528,12592,12704,12576,12528,12576,12592,12672,12624,12544,12544,12592,12544,12512
427,12656,12608,12576,12544,12480,12576,12704,12592,12512,12528,12592,12688,12656,12544,12512,12608,12576,12544
428,12624,12592,12592,12560,12496,12560,12688,12656,12544,12560,12560,12656,12688,12560,12496,12560,12576,12576
429,12624,12576,12576,12592,12528,12512,12656,12640,12560,12544,12528,12640,12704,12576,12496,12544,12560,12608
430,12624,12512,12560,12608,12544,12528,12640,12640,12608,12592,12528,12624,12704,12608,12512,12528,12528,12576
431,12656,12544,12528,12624,12576,12560,12624,12592,12592,12608,12528,12592,12656,12608,12544,12512,12496,12576
432,12688,12544,12496,12576,12576,12560,12624,12560,12576,12640,12560,12592,12640,12608,12592,12544,12480,12560
433,12704,12560,12512,12560,12544,12592,12640,12544,12560,12624,12576,12592,12592,12576,12592,12576,12512,12544
434,12688,12608,12528,12528,12544,12608,12656,12576,12528,12624,12624,12624,12608,12560,12576,12624,12528,12528
435,12672,12608,12576,12544,12496,12576,12704,12576,12512,12608,12608,12640,12544,12512,12512,12608,12544,12512
436,12656,12608,12592,12576,12496,12576,12688,12608,12544,12544,12576,12640,12640,12560,12512,12576,12592,12544
437,12592,12576,12608,12576,12496,12544,12688,12640,12560,12560,12560,12640,12688,12560,12480,12576,12560,12576
438,12592,12560,12576,12624,12544,12528,12656,12640,12592,12560,12512,12608,12688,12576,12496,12544,12560,12592
439,12624,12528,12576,12608,12528,12528,12608,12624,12592,12592,12544,12608,12672,12608,12528,12512,12528,12576
440,12672,12528,12544,12592,12576,12528,12624,12592,12576,12624,12544,12560,12656,12608,12544,12544,12480,12576
441,12704,12544,12528,12592,12576,12576,12640,12560,12576,12624,12576,12576,12624,12592,12592,12560,12496,12560
442,12704,12576,12512,12560,12576,12592,12672,12576,12560,12608,12592,12560,12608,12592,12576,12592,12496,12512
443,12704,12608,12528,12544,12528,12576,12672,12576,12496,12592,12576,12592,12608,12528,12560,12608,12544,12512
444,12656,12608,12576,12544,12512,12576,12720,12608,12528,12592,12592,12624,12640,12528,12528,12592,12544,12528
445,12656,12608,12576,12560,12496,12560,12688,12624,12528,12544,12576,12624,12656,12560,12496,12576,12576,12544
446,12608,12576,12576,12576,12512,12528,12672,12656,12544,12544,12544,12624,12720,12576,12512,12576,12560,12576
447,12608,12544,12560,12624,12528,12528,12656,12640,12592,12576,12528,12576,12688,12592,12512,12512,12544,12576
448,12656,12528,12560,12608,12560,12528,12608,12608,12592,12576,12544,12544,12672,12624,12544,12544,12512,12576
449,12672,12544,12496,12592,12592,12576,12624,12592,12592,12624,12544,12528,12656,12608,12560,12544,12480,12560
450,12688,12560,12528,12576,12576,12576,12608,12544,12560,12640,12576,12560,12576,12592,12576,12576,12480,12528
451,12672,12560,12528,12544,12528,12592,12640,12560,12528,12608,12592,12592,12448,12480,12576,12592,12512,12496
452,12672,12624,12560,12560,12528,12576,12704,12592,12512,12608,12608,12608,12608,12512,12544,12608,12560,12512
453,12656,12592,12592,12576,12496,12544,12704,12608,12512,12544,12592,12624,12640,12544,12544,12592,12592,12528
454,12608,12608,12608,12576,12512,12544,12704,12656,12544,12560,12576,12624,12672,12544,12512,12592,12576,12560
455,12608,12576,12592,12608,12528,12512,12656,12640,12560,12560,12544,12608,12656,12544,12512,12576,12560,12544
456,12624,12544,12576,12608,12528,12512,12656,12624,12560,12560,12528,12576,12704,12576,12512,12544,12544,12592
457,12640,12528,12544,12608,12544,12528,12624,12624,12608,12592,12544,12560,12688,12656,12528,12528,12528,12592
458,12656,12528,12512,12608,12576,12544,12624,12592,12592,12624,12544,12544,12656,12624,12560,12544,12480,12544
459,12704,12576,12496,12592,12560,12544,12640,12560,12560,12640,12560,12544,12608,12592,12592,12576,12496,12512
460,12704,12576,12528,12560,12576,12592,12656,12576,12544,12640,12592,12560,12608,12576,12560,12592,12496,12496
461,12688,12608,12544,12560,12560,12592,12688,12576,12496,12576,12608,12576,12608,12544,12560,12608,12544,12512
462,12656,12608,12576,12544,12480,12576,12704,12592,12512,12560,12592,12608,12656,12544,12544,12576,12560,12512
463,12624,12608,12592,12576,12512,12560,12704,12640,12544,12560,12576,12608,12672,12544,12480,12560,12576,12544
464,12608,12576,12592,12608,12528,12512,12672,12640,12560,12544,12544,12576,12704,12576,12496,12544,12560,12576
465,12624,12528,12560,12608,12544,12528,12640,12640,12592,12560,12528,12560,12688,12608,12528,12512,12544,12576
466,12624,12528,12544,12624,12560,12528,12592,12608,12592,12608,12528,12544,12672,12624,12544,12544,12512,12560
467,12656,12528,12496,12592,12544,12544,12592,12560,12592,12640,12528,12528,12560,12592,12560,12560,12512,12528
468,12720,12560,12512,12576,12576,12592,12640,12544,12560,12608,12576,12544,12592,12592,12560,12560,12496,12432
469,12704,12592,12528,12544,12544,12592,12656,12576,12512,12608,12608,12560,12608,12544,12560,12608,12528,12496
470,12656,12608,12560,12528,12512,12576,12720,12608,12512,12576,12608,12608,12624,12528,12528,12592,12544,12496
471,12656,12608,12592,12576,12496,12544,12688,12608,12544,12560,12592,12608,12640,12528,12512,12608,12560,12528
472,12608,12576,12608,12576,12512,12528,12688,12656,12544,12560,12560,12592,12688,12544,12512,12544,12576,12560
473,12624,12576,12576,12608,12528,12512,12656,12640,12576,12560,12512,12576,12688,12592,12496,12528,12560,12592
474,12640,12528,12560,12624,12544,12528,12624,12608,12608,12608,12528,12544,12688,12640,12544,12528,12528,12560
475,12672,12528,12528,12624,12592,12544,12624,12576,12576,12624,12560,12528,12656,12608,12560,12544,12480,12544
476,12720,12576,12512,12576,12576,12560,12624,12544,12560,12624,12560,12512,12624,12592,12592,12576,12512,12528
477,12704,12592,12528,12544,12576,12608,12672,12576,12544,12624,12624,12560,12592,12592,12576,12608,12512,12496
478,12688,12624,12560,12560,12544,12592,12720,12576,12528,12592,12608,12592,12640,12544,12560,12608,12544,12512
479,12640,12608,12576,12560,12496,12576,12720,12608,12512,12576,12592,12624,12656,12544,12544,12592,12576,12528
480,12624,12592,12608,12592,12512,12544,12704,12672,12544,12560,12560,12608,12672,12544,12496,12576,12560,12544
481,12624,12576,12576,12592,12512,12512,12656,12640,12576,12544,12544,12592,12720,12576,12512,12560,12560,12576
482,12576,12544,12592,12624,12528,12512,12624,12624,12592,12576,12512,12576,12672,12592,12512,12528,12528,12576
483,12640,12512,12544,12624,12544,12544,12576,12576,12592,12624,12544,12528,12576,12592,12512,12512,12464,12576
484,12672,12544,12512,12592,12592,12544,12624,12560,12560,12640,12560,12528,12624,12608,12576,12544,12480,12560
485,12704,12576,12528,12560,12560,12592,12656,12560,12576,12640,12576,12528,12592,12576,12576,12576,12512,12496
486,12656,12592,12544,12544,12544,12576,12688,12576,12512,12608,12624,12576,12624,12576,12576,12608,12512,12496
487,12688,12608,12544,12560,12544,12576,12672,12560,12496,12592,12592,12576,12608,12512,12544,12608,12528,12512
488,12656,12608,12576,12560,12496,12560,12720,12608,12528,12560,12592,12608,12640,12544,12544,12608,12576,12528
489,12640,12608,12608,12592,12512,12544,12704,12656,12544,12544,12576,12608,12672,12560,12496,12576,12576,12544
490,12624,12576,12592,12576,12512,12512,12704,12656,12560,12560,12560,12592,12720,12576,12480,12560,12560,12560
491,12640,12560,12576,12624,12528,12512,12672,12640,12576,12560,12512,12576,12688,12592,12512,12544,12560,12592
492,12640,12528,12544,12608,12544,12512,12640,12640,12608,12576,12528,12576,12704,12608,12528,12528,12544,12592
493,12656,12544,12560,12624,12576,12528,12592,12608,12592,12592,12528,12544,12672,12624,12544,12544,12528,12576
494,12688,12544,12528,12608,12592,12544,12640,12576,12592,12640,12560,12528,12656,12608,12576,12544,12480,12528
495,12720,12560,12512,12576,12560,12576,12640,12560,12560,12624,12576,12528,12576,12592,12592,12560,12496,12512
496,12704,12592,12544,12528,12544,12576,12672,12576,12528,12608,12608,12560,12608,12576,12576,12592,12528,12496
497,12688,12608,12544,12528,12544,12576,12720,12576,12528,12576,12592,12560,12624,12528,12560,12608,12544,12512
498,12608,12592,12576,12560,12480,12544,12688,12592,12528,12544,12592,12608,12640,12528,12528,12592,12576,12528
499,12608,12576,12608,12592,12496,12512,12688,12640,12544,12544,12592,12576,12656,12528,12480,12560,12544,12576
500,12624,12576,12576,12608,12528,12496,12656,12624,12576,12560,12512,12592,12688,12592,12512,12528,12560,12592
501,12624,12528,12576,12608,12544,12512,12624,12624,12608,12592,12528,12544,12688,12608,12528,12544,12544,12576
502,12624,12544,12560,12624,12592,12544,12608,12592,12592,12608,12544,12512,12656,12608,12544,12528,12496,12576
503,12672,12544,12512,12608,12592,12560,12608,12576,12592,12656,12560,12528,12624,12608,12576,12560,12496,12544
504,12704,12576,12528,12576,12576,12592,12656,12576,12560,12624,12592,12528,12592,12592,12592,12576,12512,12512
505,12704,12608,12528,12544,12544,12576,12672,12560,12512,12608,12608,12560,12608,12560,12560,12608,12528,12496
506,12688,12608,12544,12560,12512,12560,12720,12592,12528,12576,12608,12592,12624,12528,12544,12608,12544,12512
507,12656,12592,12592,12560,12496,12544,12704,12624,12512,12544,12576,12592,12672,12560,12512,12576,12592,12544
508,12608,12576,12576,12592,12496,12512,12688,12656,12560,12560,12560,12592,12704,12544,12496,12560,12560,12560
509,12640,12560,12592,12624,12528,12512,12656,12624,12560,12576,12528,12576,12688,12576,12512,12544,12560,12592
510,12624,12528,12560,12608,12560,12512,12624,12624,12608,12592,12544,12544,12688,12624,12544,12544,12544,12576
511,12672,12544,12544,12624,12592,12544,12608,12608,12608,12624,12544,12512,12656,12624,12560,12544,12496,12560
512,12720,12544,12512,12576,12576,12576,12640,12560,12560,12624,12576,12528,12624,12592,12576,12560,12496,12528
513,12704,12592,12512,12544,12576,12576,12656,12576,12544,12624,12624,12544,12608,12592,12592,12560,12512,12496
514,12656,12624,12528,12528,12528,12576,12656,12576,12512,12592,12608,12560,12592,12544,12560,12624,12528,12512
515,12672,12592,12544,12560,12480,12576,12688,12576,12496,12576,12576,12608,12512,12544,12544,12624,12528,12512
516,12624,12592,12592,12576,12512,12560,12704,12624,12544,12544,12576,12592,12656,12560,12512,12576,12560,12544
517,12608,12560,12576,12576,12512,12496,12672,12640,12576,12544,12544,12592,12704,12592,12496,12560,12560,12560
518,12592,12560,12576,12624,12528,12512,12640,12624,12576,12576,12528,12560,12672,12592,12496,12512,12544,12576
519,12608,12528,12560,12608,12528,12528,12608,12608,12592,12592,12512,12544,12672,12608,12544,12528,12528,12576
520,12656,12528,12528,12624,12592,12544,12624,12592,12608,12640,12560,12512,12640,12608,12560,12544,12496,12560
521,12720,12560,12512,12592,12576,12544,12624,12544,12560,12624,12576,12512,12608,12592,12576,12560,12496,12544
522,12704,12592,12512,12544,12560,12592,12656,12576,12544,12624,12608,12528,12608,12576,12576,12592,12512,12480
523,12704,12608,12528,12528,12544,12592,12688,12576,12528,12576,12592,12560,12608,12544,12560,12624,12544,12496
524,12672,12592,12560,12560,12496,12560,12720,12592,12528,12592,12592,12592,12624,12528,12528,12608,12560,12496
525,12640,12592,12592,12576,12496,12544,12704,12640,12528,12528,12576,12576,12656,12528,12496,12576,12592,12544
526,12592,12576,12576,12592,12512,12512,12688,12656,12576,12560,12560,12592,12704,12576,12496,12576,12560,12560
527,12608,12544,12576,12624,12544,12512,12656,12624,12576,12576,12528,12560,12688,12592,12496,12512,12544,12576
528,12656,12528,12544,12592,12560,12512,12608,12608,12592,12592,12528,12528,12672,12624,12560,12512,12512,12576
529,12672,12544,12512,12592,12576,12544,12640,12576,12576,12640,12560,12496,12656,12624,12560,12544,12480,12560
530,12688,12560,12496,12592,12592,12560,12608,12560,12576,12640,12576,12528,12608,12592,12592,12544,12496,12528
531,12688,12544,12528,12560,12544,12592,12640,12528,12528,12624,12592,12528,12512,12544,12544,12576,12496,12464
532,12688,12608,12544,12528,12544,12592,12688,12576,12512,12592,12592,12560,12608,12560,12560,12608,12528,12496
533,12656,12608,12560,12544,12496,12560,12704,12608,12528,12576,12592,12608,12656,12544,12544,12608,12576,12528
534,12608,12592,12608,12576,12496,12560,12688,12640,12528,12544,12576,12592,12672,12560,12512,12576,12576,12560
535,12608,12560,12592,12576,12528,12512,12656,12640,12576,12560,12560,12576,12688,12560,12496,12560,12560,12592
536,12624,12544,12560,12640,12528,12512,12656,12624,12608,12576,12512,12560,12688,12576,12512,12512,12544,12576
537,12656,12528,12560,12608,12560,12528,12608,12592,12592,12608,12528,12512,12672,12624,12544,12528,12512,12560
538,12672,12544,12496,12592,12576,12544,12624,12576,12576,12624,12560,12512,12656,12624,12576,12560,12480,12528
539,12720,12560,12528,12592,12560,12576,12640,12560,12544,12624,12560,12544,12592,12592,12592,12576,12512,12528
540,12688,12592,12528,12544,12544,12576,12656,12576,12544,12624,12624,12528,12608,12576,12576,12576,12496,12480
541,12688,12624,12544,12544,12528,12560,12688,12576,12512,12576,12592,12560,12624,12528,12576,12608,12528,12512
542,12656,12608,12576,12544,12496,12560,12704,12608,12528,12560,12592,12608,12656,12544,12544,12592,12576,12512
543,12624,12608,12592,12576,12496,12544,12688,12640,12544,12560,12560,12592,12672,12544,12496,12560,12576,12544
544,12624,12560,12592,12592,12528,12512,12656,12624,12576,12544,12528,12576,12704,12576,12512,12528,12560,12592
545,12624,12528,12560,12624,12544,12512,12624,12624,12624,12592,12512,12544,12688,12592,12512,12528,12528,12576
546,12624,12528,12560,12624,12576,12528,12592,12608,12592,12592,12544,12528,12656,12624,12544,12544,12512,12576
547,12656,12512,12528,12608,12576,12544,12608,12576,12560,12640,12544,12512,12592,12576,12560,12528,12464,12528
548,12704,12560,12512,12576,12560,12576,12656,12544,12560,12640,12576,12528,12576,12576,12576,12560,12480,12528
549,12688,12576,12528,12544,12560,12592,12656,12576,12528,12608,12624,12576,12608,12576,12576,12608,12528,12496
550,12640,12624,12560,12544,12528,12576,12736,12592,12528,12592,12608,12592,12624,12528,12544,12608,12528,12496
551,12640,12592,12576,12560,12480,12576,12688,12608,12512,12560,12592,12592,12624,12528,12544,12608,12560,12528
552,12624,12592,12592,12576,12512,12544,12688,12640,12544,12560,12592,12592,12688,12560,12480,12576,12560,12560
553,12624,12560,12576,12608,12512,12496,12672,12640,12560,12560,12512,12560,12704,12576,12496,12544,12560,12592
554,12640,12528,12576,12608,12560,12496,12624,12624,12592,12576,12528,12560,12672,12624,12528,12528,12528,12576
555,12672,12544,12528,12608,12592,12544,12624,12592,12592,12624,12544,12496,12640,12608,12544,12544,12496,12576
556,12688,12544,12528,12592,12576,12560,12640,12560,12576,12640,12576,12528,12640,12592,12576,12544,12496,12544
557,12704,12576,12528,12544,12576,12592,12656,12560,12544,12640,12592,12528,12592,12576,12576,12592,12496,12496
558,12704,12608,12528,12544,12544,12576,12688,12576,12528,12592,12608,12560,12608,12544,12560,12608,12528,12496
559,12672,12608,12560,12544,12512,12576,12704,12608,12512,12576,12592,12592,12640,12544,12528,12608,12560,12528
560,12624,12608,12608,12576,12496,12528,12704,12640,12544,12560,12576,12576,12688,12560,12496,12576,12576,12560
561,12624,12560,12576,12608,12512,12496,12672,12640,12560,12560,12544,12576,12704,12576,12496,12576,12560,12560
562,12592,12544,12592,12624,12544,12512,12656,12640,12592,12576,12528,12560,12672,12592,12512,12528,12544,12576
563,12624,12496,12560,12640,12560,12528,12592,12576,12576,12608,12528,12528,12608,12624,12544,12528,12480,12560
564,12672,12544,12528,12608,12576,12544,12608,12576,12576,12624,12560,12512,12640,12624,12560,12544,12480,12528
565,12720,12576,12528,12576,12576,12592,12640,12560,12560,12624,12576,12544,12592,12592,12576,12576,12512,12496
566,12672,12608,12528,12528,12544,12576,12656,12560,12512,12608,12624,12544,12592,12560,12576,12608,12528,12496
567,12656,12608,12544,12544,12528,12576,12688,12576,12512,12576,12592,12560,12592,12512,12560,12608,12528,12496
568,12656,12592,12560,12560,12496,12560,12704,12608,12512,12560,12592,12592,12640,12528,12528,12592,12576,12512
569,12624,12592,12592,12592,12528,12528,12688,12656,12544,12544,12560,12576,12688,12544,12496,12576,12576,12544
570,12624,12560,12592,12608,12512,12496,12672,12640,12560,12560,12512,12560,12688,12576,12512,12544,12560,12592
571,12640,12528,12560,12624,12560,12512,12640,12624,12608,12592,12544,12544,12688,12624,12544,12544,12544,12576
572,12656,12528,12544,12624,12576,12544,12608,12608,12608,12624,12544,12512,12672,12624,12544,12544,12512,12560
573,12688,12560,12528,12608,12592,12560,12624,12576,12592,12656,12576,12528,12624,12624,12576,12560,12480,12528
574,12704,12560,12512,12576,12560,12592,12656,12560,12560,12624,12592,12528,12592,12592,12576,12576,12496,12496
575,12688,12608,12544,12544,12544,12576,12688,12576,12496,12608,12592,12560,12608,12528,12560,12624,12544,12512
576,12672,12608,12560,12560,12512,12576,12720,12608,12512,12576,12592,12608,12640,12544,12544,12608,12576,12528
577,12640,12592,12608,12576,12496,12544,12720,12624,12528,12544,12576,12592,12656,12560,12512,12560,12592,12544
578,12592,12576,12592,12592,12512,12512,12656,12656,12560,12576,12560,12592,12688,12560,12496,12576,12576,12576
579,12624,12528,12592,12640,12528,12512,12640,12592,12592,12576,12528,12544,12640,12576,12464,12528,12560,12576
580,12624,12528,12560,12608,12560,12512,12608,12608,12592,12592,12528,12528,12656,12624,12528,12544,12528,12592
581,12656,12544,12528,12608,12576,12560,12624,12592,12576,12640,12560,12528,12656,12624,12576,12544,12480,12544
582,12672,12560,12512,12576,12560,12576,12640,12544,12544,12640,12592,12528,12592,12608,12576,12576,12496,12512
583,12688,12576,12528,12544,12560,12592,12640,12560,12560,12624,12592,12544,12576,12576,12560,12592,12512,12480
584,12688,12608,12544,12544,12560,12576,12672,12592,12528,12608,12608,12560,12624,12560,12576,12608,12544,12496
585,12672,12608,12560,12560,12496,12560,12720,12592,12512,12560,12592,12592,12656,12544,12544,12608,12560,12512
586,12640,12608,12592,12592,12512,12544,12704,12624,12528,12544,12576,12592,12672,12544,12480,12576,12576,12544
587,12608,12576,12576,12592,12512,12496,12704,12656,12560,12544,12560,12576,12704,12560,12496,12576,12560,12576
588,12640,12576,12592,12608,12528,12512,12656,12624,12560,12576,12544,12592,12720,12592,12512,12560,12560,12576
589,12624,12544,12592,12624,12544,12496,12656,12656,12576,12560,12544,12560,12688,12592,12528,12512,12544,12576
590,12640,12528,12560,12624,12560,12512,12608,12608,12592,12592,12544,12512,12672,12624,12528,12528,12528,12560
591,12656,12528,12512,12608,12592,12544,12624,12576,12576,12640,12544,12528,12640,12608,12576,12544,12480,12544
592,12720,12576,12528,12576,12576,12576,12640,12560,12576,12624,12576,12512,12592,12592,12592,12560,12496,12512
593,12704,12576,12528,12544,12544,12592,12672,12576,12528,12608,12608,12544,12608,12560,12560,12592,12496,12480
594,12672,12608,12544,12544,12544,12592,12672,12576,12512,12608,12592,12560,12592,12528,12560,12592,12528,12496
595,12640,12592,12560,12544,12480,12576,12704,12576,12512,12576,12576,12608,12528,12512,12544,12608,12560,12496
596,12624,12592,12608,12576,12512,12544,12688,12640,12560,12560,12560,12576,12672,12544,12496,12560,12560,12544
597,12608,12576,12576,12608,12512,12496,12656,12640,12560,12560,12528,12576,12688,12576,12496,12528,12560,12576
598,12592,12528,12560,12624,12544,12496,12624,12624,12592,12592,12528,12560,12688,12608,12512,12512,12528,12576
599,12640,12544,12560,12608,12592,12528,12608,12608,12608,12608,12544,12528,12640,12608,12544,12528,12512,12560
600,12672,12560,12512,12592,12576,12544,12624,12576,12592,12640,12576,12512,12640,12624,12576,12544,12480,12544
601,12704,12560,12512,12576,12560,12560,12640,12544,12560,12624,12592,12528,12608,12592,12592,12576,12512,12528
602,12704,12576,12512,12528,12544,12592,12656,12560,12544,12640,12592,12528,12608,12576,12592,12608,12528,12512
603,12688,12608,12592,12576,12512,12560,12704,12656,12576,12576,12544,12576,12704,12608,12544,12544,12544,12576
604,12704,12560,12528,12592,12576,12592,12672,12576,12528,12624,12608,12560,12608,12592,12576,12592,12512,12480
605,12688,12624,12544,12528,12544,12576,12720,12576,12512,12576,12592,12576,12608,12528,12544,12624,12528,12512
606,12656,12608,12592,12560,12512,12544,12704,12656,12576,12576,12528,12560,12704,12608,12544,12544,12544,12592
607,12688,12560,12528,12592,12576,12608,12672,12576,12528,12624,12608,12576,12624,12560,12560,12608,12576,12512
608,12624,12592,12608,12576,12512,12544,12704,12656,12544,12560,12576,12576,12688,12544,12496,12560,12560,12544
609,12624,12560,12592,12624,12528,12496,12656,12640,12544,12544,12512,12576,12704,12592,12512,12544,12560,12592
610,12592,12528,12576,12640,12544,12512,12624,12640,12608,12592,12544,12560,12672,12608,12512,12528,12528,12592
611,12656,12544,12528,12608,12576,12576,12608,12560,12560,12640,12624,12576,12592,12544,12576,12608,12528,12512
612,12640,12608,12608,12592,12528,12512,12672,12640,12592,12592,12560,12544,12672,12624,12544,12544,12528,12576
613,12656,12544,12512,12608,12592,12544,12608,12576,12576,12640,12560,12528,12640,12624,12576,12560,12480,12544
614,12688,12576,12512,12576,12576,12576,12640,12544,12560,12624,12576,12528,12576,12592,12560,12576,12496,12512
615,12688,12592,12544,12544,12528,12576,12656,12560,12528,12624,12608,12544,12592,12560,12560,12592,12528,12512
616,12672,12608,12592,12576,12512,12560,12704,12672,12560,12576,12544,12560,12704,12608,12544,12544,12544,12576
617,12704,12560,12528,12576,12592,12592,12672,12576,12544,12608,12608,12576,12624,12544,12576,12608,12544,12496
618,12672,12608,12560,12576,12496,12544,12704,12592,12528,12576,12592,12608,12656,12544,12528,12592,12576,12512
619,12624,12592,12608,12592,12512,12528,12704,12640,12544,12560,12560,12576,12688,12560,12480,12576,12592,12560
620,12624,12576,12592,12608,12528,12512,12672,12640,12576,12544,12528,12560,12704,12576,12528,12560,12560,12592
621,12672,12528,12560,12624,12608,12560,12640,12560,12560,12640,12608,12544,12624,12576,12576,12624,12528,12512
622,12672,12608,12608,12608,12528,12528,12688,12640,12576,12576,12528,12560,12704,12624,12560,12512,12528,12576
623,12704,12576,12544,12560,12576,12592,12688,12592,12528,12608,12608,12592,12656,12560,12544,12592,12592,12560
624,12640,12576,12592,12640,12560,12512,12640,12640,12608,12576,12544,12544,12688,12608,12512,12528,12528,12576
625,12528,12528,12560,12624,12528,12496,12656,12624,12544,12528,12544,12576,12688,12560,12496,12560,12576,12592
626,12624,12560,12592,12640,12560,12528,12624,12608,12608,12640,12576,12544,12624,12608,12592,12576,12512,12512
627,12688,12624,12576,12560,12496,12560,12640,12624,12544,12560,12576,12592,12640,12544,12544,12544,12544,12560
628,12672,12544,12544,12608,12592,12560,12656,12576,12576,12624,12624,12560,12640,12576,12576,12624,12544,12528
629,12656,12608,12608,12592,12512,12512,12688,12672,12544,12576,12560,12576,12688,12560,12496,12576,12576,12560
630,12592,12560,12576,12640,12528,12512,12656,12640,12576,12560,12528,12560,12688,12592,12496,12528,12560,12592
631,12624,12544,12560,12624,12560,12512,12592,12624,12608,12592,12528,12544,12672,12608,12528,12528,12528,12576
632,12672,12544,12560,12624,12576,12528,12608,12608,12592,12608,12544,12512,12672,12624,12544,12544,12512,12576
633,12688,12544,12496,12592,12576,12560,12624,12576,12592,12640,12560,12528,12624,12608,12592,12560,12496,12528
634,12704,12576,12512,12560,12560,12592,12672,12560,12544,12608,12592,12528,12608,12576,12576,12560,12512,12496
635,12704,12624,12528,12544,12544,12592,12672,12576,12528,12608,12624,12544,12608,12544,12576,12608,12528,12480
636,12672,12592,12560,12560,12528,12560,12720,12592,12512,12592,12592,12608,12640,12528,12544,12592,12560,12512
637,12656,12592,12576,12576,12496,12544,12688,12608,12528,12528,12592,12592,12656,12528,12512,12608,12592,12560
638,12608,12576,12592,12592,12512,12512,12704,12656,12560,12576,12560,12576,12704,12576,12512,12560,12576,12560
639,12608,12560,12576,12624,12544,12496,12656,12624,12576,12560,12544,12544,12704,12576,12512,12512,12560,12576
640,12640,12512,12544,12608,12544,12496,12608,12608,12592,12608,12544,12528,12656,12640,12544,12528,12544,12592
641,12672,12544,12544,12608,12592,12560,12624,12608,12592,12624,12544,12512,12656,12608,12560,12544,12496,12560
642,12704,12544,12512,12592,12576,12560,12624,12576,12576,12624,12576,12512,12592,12592,12576,12560,12496,12544
643,12688,12560,12528,12544,12560,12608,12624,12560,12544,12624,12592,12528,12464,12560,12576,12592,12496,12464
644,12688,12608,12528,12544,12528,12592,12672,12576,12512,12592,12592,12560,12592,12560,12560,12592,12544,12496
645,12656,12608,12560,12560,12496,12560,12688,12592,12528,12576,12576,12608,12640,12544,12528,12608,12560,12528
646,12592,12592,12608,12576,12512,12544,12672,12640,12528,12544,12560,12592,12672,12544,12480,12576,12576,12544
647,12592,12560,12592,12608,12528,12496,12640,12640,12576,12560,12544,12576,12688,12576,12512,12560,12560,12576
648,12624,12544,12592,12624,12544,12528,12656,12640,12592,12576,12528,12560,12688,12608,12528,12512,12544,12576
649,12640,12528,12544,12608,12560,12528,12608,12592,12592,12608,12544,12528,12672,12624,12544,12528,12528,12560
650,12672,12528,12512,12608,12592,12544,12608,12576,12576,12656,12576,12512,12656,12624,12576,12528,12480,12544
651,12720,12576,12512,12576,12560,12576,12624,12544,12560,12640,12576,12528,12592,12608,12592,12576,12496,12496
652,12704,12592,12528,12544,12544,12576,12672,12560,12512,12624,12608,12544,12608,12576,12560,12592,12528,12496
653,12704,12624,12560,12544,12560,12576,12688,12592,12512,12592,12608,12576,12608,12544,12560,12624,12544,12512
654,12656,12608,12576,12560,12512,12560,12704,12624,12528,12576,12592,12608,12640,12560,12544,12592,12576,12528
655,12608,12608,12608,12592,12512,12544,12688,12656,12544,12560,12576,12592,12672,12560,12496,12576,12576,12560
656,12624,12576,12576,12592,12528,12496,12672,12624,12560,12576,12544,12560,12704,12576,12512,12544,12576,12592
657,12640,12528,12576,12624,12560,12496,12640,12624,12592,12592,12528,12544,12688,12608,12512,12496,12544,12576
658,12640,12544,12544,12592,12560,12512,12592,12608,12592,12592,12528,12512,12640,12624,12544,12528,12528,12576
659,12656,12512,12512,12592,12560,12544,12624,12592,12608,12624,12560,12512,12560,12608,12576,12528,12448,12528
660,12720,12560,12512,12576,12576,12576,12640,12544,12560,12624,12576,12528,12592,12592,12592,12576,12496,12512
661,12688,12592,12512,12544,12544,12576,12656,12560,12512,12608,12608,12544,12608,12576,12576,12608,12528,12512
662,12672,12624,12560,12544,12544,12576,12720,12592,12528,12592,12608,12592,12624,12544,12544,12592,12544,12496
663,12656,12608,12592,12576,12496,12544,12688,12608,12528,12576,12592,12592,12608,12544,12560,12608,12560,12528
664,12624,12592,12608,12576,12512,12528,12688,12640,12544,12560,12576,12592,12656,12560,12496,12592,12576,12528
665,12624,12592,12592,12624,12544,12528,12656,12640,12592,12592,12560,12512,12672,12624,12576,12544,12512,12544
666,12720,12592,12544,12544,12560,12576,12720,12608,12528,12592,12608,12592,12672,12560,12512,12576,12576,12560
667,12640,12544,12576,12624,12560,12528,12624,12608,12608,12640,12576,12528,12640,12608,12592,12576,12512,12512
668,12704,12624,12576,12560,12528,12576,12720,12624,12528,12544,12576,12592,12704,12576,12512,12560,12560,12608
669,12640,12544,12560,12624,12576,12528,12640,12608,12592,12640,12576,12528,12640,12608,12592,12576,12528,12496
670,12704,12624,12560,12560,12512,12560,12704,12640,12544,12560,12576,12592,12720,12592,12528,12544,12544,12592
671,12656,12544,12560,12608,12592,12560,12640,12576,12576,12640,12592,12544,12608,12592,12576,12624,12544,12512
672,12672,12624,12608,12592,12528,12544,12688,12656,12576,12576,12544,12560,12704,12624,12528,12544,12544,12576
673,12688,12560,12528,12576,12560,12608,12672,12576,12560,12624,12624,12560,12624,12544,12560,12608,12576,12544
674,12608,12592,12608,12592,12528,12512,12656,12656,12592,12592,12544,12560,12672,12640,12560,12544,12512,12560
675,12704,12592,12528,12560,12576,12592,12592,12560,12528,12608,12624,12592,12544,12560,12560,12592,12560,12544
676,12640,12576,12560,12624,12544,12512,12640,12640,12592,12608,12560,12512,12656,12624,12576,12560,12512,12544
677,12704,12592,12544,12544,12544,12576,12720,12608,12528,12576,12608,12608,12656,12560,12528,12576,12576,12576
678,12608,12544,12576,12608,12560,12544,12624,12608,12608,12640,12576,12528,12640,12608,12592,12576,12512,12496
679,12688,12624,12560,12576,12512,12576,12688,12624,12544,12560,12576,12592,12672,12560,12496,12576,12576,12592
680,12640,12544,12560,12608,12592,12544,12640,12592,12560,12640,12576,12528,12592,12592,12576,12592,12528,12512
681,12688,12608,12560,12560,12512,12544,12720,12656,12560,12560,12560,12576,12720,12592,12528,12512,12544,12576
682,12672,12544,12528,12592,12576,12576,12656,12544,12544,12624,12560,12528,12608,12592,12576,12560,12512,12528
683,12688,12576,12528,12544,12544,12592,12672,12560,12528,12608,12624,12544,12592,12592,12560,12592,12512,12480
684,12688,12624,12544,12544,12528,12560,12688,12560,12512,12592,12608,12576,12624,12528,12560,12608,12528,12512
685,12672,12608,12576,12544,12512,12560,12720,12592,12512,12560,12592,12608,12656,12528,12544,12592,12560,12528
686,12640,12592,12608,12576,12496,12528,12704,12640,12528,12560,12576,12592,12656,12560,12480,12576,12560,12544
687,12592,12560,12576,12592,12512,12496,12672,12640,12560,12544,12544,12592,12704,12592,12496,12544,12560,12592
688,12624,12528,12576,12608,12528,12496,12640,12624,12592,12592,12528,12544,12688,12608,12528,12512,12528,12576
689,12656,12544,12544,12592,12576,12512,12608,12592,12608,12592,12528,12512,12672,12624,12544,12528,12512,12576
690,12656,12528,12496,12592,12560,12544,12608,12592,12576,12656,12560,12512,12624,12608,12576,12544,12480,12544
691,12704,12544,12512,12592,12544,12576,12592,12544,12560,12656,12576,12496,12512,12560,12592,12560,12480,12512
692,12688,12576,12528,12544,12544,12576,12656,12560,12528,12624,12608,12544,12608,12560,12576,12608,12528,12496
693,12688,12624,12560,12560,12544,12576,12720,12608,12528,12592,12608,12592,12624,12544,12560,12608,12560,12512
694,12624,12624,12592,12576,12512,12544,12704,12624,12544,12544,12592,12592,12656,12544,12528,12592,12592,12560
695,12592,12592,12592,12592,12512,12512,12672,12640,12560,12576,12560,12592,12656,12544,12496,12576,12576,12544
696,12624,12576,12592,12624,12528,12512,12656,12640,12576,12576,12528,12560,12704,12576,12528,12544,12560,12576
697,12640,12528,12576,12624,12560,12528,12624,12624,12608,12592,12544,12560,12688,12624,12528,12528,12544,12560
698,12672,12544,12544,12608,12592,12544,12608,12608,12592,12624,12560,12512,12656,12608,12544,12528,12480,12560
699,12720,12560,12512,12592,12576,12544,12640,12560,12576,12640,12576,12528,12624,12592,12592,12560,12496,12544
